date,query1,query2,query3,query4,query5,query6,query7,query8,query9,query10,query11,query12,query13,query14,query15,query16,query17,query18,query19,query20,query21,query22,query23,query24,query25,query26,query27,query28,query29,query30,query31,query32,query33,query34,query35,query36,query37,query38,query39,query40,query41,query42,query43,query44,query45,cflu
2003-09-28,1.853,6.679,7.824,1.072,2.399,1.623,0.162,0.606,0.731,0.145,0.915,0.157,2.83,0.192,0.526,0.202,0.05,0.027,0.626,0.416,3.857,0.539,0.324,2.017,0.376,0.309,1.105,1.299,0.082,3.007,7.562,0.337,0.107,1.329,0.743,0.711,0.224,0.741,0.324,0.496,1.267,0.294,0.204,2.097,2.905,0.88402122
2003-10-05,1.976,6.31,8.259,1.194,2.733,1.589,0.167,0.607,0.662,0.185,0.947,0.212,2.865,0.187,0.472,0.235,0.082,0.045,0.672,0.427,4.057,0.545,0.36,2.101,0.425,0.295,1.094,1.301,0.115,2.963,7.996,0.397,0.107,1.419,0.812,0.692,0.21,0.852,0.295,0.442,1.329,0.322,0.225,2.233,2.713,1.0277305
2003-10-12,2.834,6.911,9.009,1.228,3.304,1.581,0.221,0.664,0.783,0.259,0.955,0.201,3.545,0.167,0.502,0.316,0.147,0.062,0.731,0.51,4.206,0.661,0.355,2.183,0.363,0.261,1.064,1.263,0.159,2.829,8.462,0.38,0.134,1.618,0.825,0.743,0.259,0.89,0.306,0.413,1.392,0.353,0.201,2.305,2.874,1.2829636
2003-10-19,3.501,7.492,9.611,1.291,3.846,1.619,0.326,0.698,0.841,0.312,1.06,0.229,4.124,0.2,0.555,0.355,0.126,0.11,0.705,0.538,4.248,0.643,0.45,2.25,0.402,0.286,1.138,1.376,0.167,3.081,8.723,0.402,0.176,1.605,0.817,0.562,0.26,0.9,0.352,0.45,1.357,0.383,0.255,2.279,2.965,1.3266053
2003-10-26,3.721,7.121,9.352,1.309,3.876,1.64,0.288,0.674,0.762,0.321,0.938,0.202,3.581,0.207,0.474,0.352,0.162,0.119,0.645,0.398,4.012,0.736,0.431,2.278,0.388,0.364,1.171,1.295,0.188,3.112,8.461,0.348,0.207,2.188,0.831,0.686,0.26,0.95,0.293,0.393,1.367,0.319,0.271,2.317,2.986,1.7730401
2003-11-02,4.011,7.569,9.989,1.403,4.209,1.731,0.333,0.807,0.889,0.461,1.032,0.261,4.204,0.251,0.529,0.376,0.19,0.195,0.681,0.443,4.069,0.762,0.471,2.307,0.519,0.446,1.288,1.453,0.188,3.024,9.402,0.391,0.218,1.729,0.807,0.679,0.261,0.919,0.306,0.421,1.405,0.403,0.203,2.55,3.114,2.4381361
2003-11-09,5.352,8.226,10.785,1.512,4.923,1.879,0.431,0.914,0.936,0.544,1.146,0.323,4.706,0.278,0.587,0.539,0.212,0.375,0.837,0.551,4.436,0.844,0.519,2.457,0.453,0.478,1.304,1.683,0.327,3.335,9.629,0.472,0.293,1.909,0.912,0.675,0.25,0.986,0.37,0.645,1.566,0.499,0.323,2.502,3.021,2.7260454
2003-11-16,8.276,9.366,12.093,1.779,8.103,2.263,0.619,0.969,1.103,0.785,1.382,0.446,6.354,0.413,0.637,0.617,0.426,0.579,0.848,0.626,4.607,1.222,0.567,2.698,0.543,0.547,1.565,1.559,0.431,3.434,10.658,0.464,0.379,2.11,0.946,0.736,0.314,1.056,0.404,0.527,1.714,0.558,0.314,2.472,3.299,3.7319221
2003-11-23,11.121,9.091,11.903,2.265,13.347,2.479,1.029,1.139,1.201,0.85,1.368,0.657,7.889,0.399,0.745,0.808,0.745,0.957,0.808,0.607,4.616,1.475,0.597,2.713,0.542,0.672,1.319,1.611,0.469,3.448,9.612,0.529,0.534,2.14,1.027,0.829,0.399,1.212,0.396,0.584,1.686,0.743,0.394,2.505,3.281,4.5489373
2003-11-30,19.793,11.071,14.589,2.725,28.066,2.563,1.768,1.386,1.438,1.491,1.718,1.124,14.31,0.523,1.001,1.781,1.301,1.588,0.974,0.837,4.72,2.37,0.695,3.353,0.673,1.005,1.572,2.143,0.849,4.086,10.694,0.634,1.061,2.222,1.226,0.928,0.476,1.292,0.472,0.812,1.74,1.197,0.379,2.763,3.409,5.3990641
2003-12-07,50.73,12.119,16.834,3.792,52.177,3.404,3.154,1.83,1.809,4.059,1.896,2.464,20.904,0.686,1.339,3.62,2.707,2.057,1.243,0.921,4.967,3.893,0.881,3.523,0.714,1.25,1.712,2.419,1.635,4.294,11.159,0.691,2.709,2.517,1.246,1.186,0.506,1.485,0.498,0.837,1.834,2.722,0.475,2.928,3.394,7.3873534
2003-12-14,52.584,13.524,17.891,4.065,42.264,3.501,2.812,2.037,1.87,4.052,2.135,2.187,16.581,0.814,1.514,3.533,3.005,1.944,1.33,0.99,5.579,3.93,0.956,3.896,0.795,1.45,2.017,2.307,1.686,5.067,11.673,0.691,2.636,2.692,1.33,1.366,0.546,1.514,0.61,0.87,2.105,2.699,0.569,3.331,3.796,7.4809713
2003-12-21,39.891,13.298,16.642,4.207,32.112,3.815,2.156,1.964,1.954,2.696,1.864,1.826,11.28,0.757,1.466,2.272,2.375,1.842,1.325,0.992,6.604,3.732,0.85,3.636,0.757,1.441,1.97,2.022,1.476,5.789,11.299,0.696,2.15,2.657,1.604,1.393,0.613,1.974,0.546,0.786,2.542,1.99,0.664,3.88,4.428,7.6279674
2003-12-28,23.053,12.851,16.099,3.637,18.972,2.715,1.327,1.675,1.634,1.396,1.854,0.985,7.318,0.477,1.297,1.222,1.394,1.181,1.17,0.955,6.438,2.199,0.701,3.756,0.693,1.156,1.882,2.094,0.908,6.493,10.936,0.684,1.253,3.138,1.554,1.264,0.621,1.78,0.582,0.886,2.199,1.258,0.411,3.781,4.73,5.1405149
2004-01-04,13.096,11.113,14.607,2.621,11.967,1.929,0.819,1.256,1.325,0.886,1.583,0.604,6.168,0.268,0.954,1.104,0.656,0.587,0.899,0.812,5.094,1.452,0.551,3.676,0.574,0.781,1.648,1.931,0.452,5.419,10.233,0.555,0.741,2.433,1.268,1.205,0.418,1.5,0.494,0.652,1.844,0.983,0.43,3.334,3.676,2.8912942
2004-01-11,7.413,8.59,12.245,1.983,7.421,1.706,0.495,0.927,0.903,0.616,1.224,0.435,5.148,0.198,0.612,0.841,0.336,0.383,0.74,0.645,4.657,1.08,0.472,2.817,0.499,0.575,1.418,1.531,0.282,4.387,9.739,0.437,0.369,1.935,0.927,1.076,0.338,1.08,0.348,0.517,1.552,0.74,0.34,3.034,3.135,2.1042898
2004-01-18,5.343,7.478,10.086,1.58,5.145,1.696,0.309,0.802,0.853,0.453,1.032,0.272,4.098,0.173,0.633,0.538,0.212,0.227,0.758,0.492,4.383,0.909,0.435,2.44,0.431,0.451,1.317,1.564,0.169,3.812,9.351,0.402,0.334,1.793,0.826,0.962,0.301,1.168,0.354,0.501,1.587,0.462,0.231,2.623,2.901,1.8869563
2004-01-25,4.207,7.061,9.901,1.588,4.237,1.649,0.26,0.789,0.779,0.332,1.049,0.238,3.585,0.183,0.668,0.411,0.179,0.145,0.656,0.558,4.211,0.868,0.382,2.128,0.403,0.403,1.411,1.618,0.161,3.929,9.782,0.417,0.231,1.894,0.771,0.892,0.238,0.976,0.326,0.503,1.667,0.417,0.244,2.333,2.659,1.7765967
2004-02-01,3.185,7.616,10.031,1.374,3.807,1.588,0.248,0.74,0.885,0.299,1.12,0.171,3.794,0.171,0.594,0.436,0.158,0.117,0.729,0.507,4.344,0.69,0.445,2.14,0.406,0.43,1.52,1.4,0.137,3.831,10.374,0.438,0.162,1.693,0.72,0.9,0.282,0.941,0.299,0.462,1.753,0.451,0.261,2.655,2.482,1.4600062
2004-02-08,2.953,7.683,10.307,1.549,3.57,1.514,0.249,0.828,0.801,0.238,1.178,0.186,4.217,0.184,0.642,0.41,0.13,0.101,0.644,0.563,4.515,0.725,0.507,2.17,0.423,0.41,1.566,1.462,0.133,4.339,11.817,0.474,0.145,1.764,0.791,0.793,0.271,1.094,0.371,0.609,1.823,0.369,0.284,2.757,2.81,1.3778695
2004-02-15,2.871,7.901,10.28,1.479,3.275,1.621,0.241,0.788,0.979,0.227,1.181,0.18,3.524,0.193,0.626,0.344,0.095,0.073,0.661,0.517,4.655,0.646,0.403,2.225,0.511,0.393,1.573,1.461,0.115,4.407,11.449,0.476,0.136,1.876,0.902,0.926,0.27,1.076,0.344,0.567,1.834,0.332,0.261,2.655,2.796,1.3053234
2004-02-22,2.525,8.284,10.582,1.503,3.201,1.625,0.285,0.858,0.946,0.258,1.216,0.146,4.231,0.161,0.571,0.358,0.098,0.113,0.712,0.538,4.909,0.643,0.521,2.173,0.463,0.36,1.805,1.488,0.123,4.585,11.935,0.496,0.117,1.735,0.814,0.852,0.23,1.028,0.368,0.513,1.765,0.306,0.314,2.784,2.652,1.0869111
2004-02-29,2.103,7.906,10.051,1.378,2.657,1.563,0.217,0.75,0.919,0.206,1.079,0.12,3.695,0.154,0.571,0.367,0.109,0.063,0.718,0.525,4.557,0.693,0.419,2.138,0.438,0.352,1.749,1.369,0.139,4.222,11.907,0.426,0.129,1.614,0.826,0.674,0.247,0.996,0.356,0.501,1.763,0.263,0.289,2.737,2.557,0.99188775
2004-03-07,1.865,7.671,9.53,1.233,2.59,1.534,0.197,0.748,0.915,0.176,0.973,0.127,3.601,0.142,0.489,0.275,0.112,0.059,0.64,0.443,4.455,0.648,0.392,2.115,0.481,0.267,1.719,1.24,0.072,4.118,11.435,0.468,0.093,1.524,0.807,0.814,0.239,0.947,0.348,0.468,1.698,0.269,0.242,2.901,2.42,1.0276532
2004-03-14,1.584,6.94,8.938,1.224,2.229,1.494,0.182,0.664,0.747,0.149,0.925,0.131,2.842,0.175,0.409,0.243,0.07,0.059,0.551,0.416,4.176,0.578,0.356,2.009,0.43,0.243,1.498,1.105,0.063,3.777,10.336,0.364,0.083,1.321,0.727,0.749,0.247,0.913,0.292,0.472,1.73,0.275,0.238,2.567,2.283,1.057896
2004-03-21,1.674,7.46,9.379,1.196,2.436,1.619,0.255,0.667,0.766,0.163,0.987,0.159,3.31,0.178,0.419,0.315,0.082,0.046,0.577,0.507,4.324,0.663,0.388,1.974,0.429,0.236,1.412,1.176,0.082,3.874,11.491,0.383,0.079,1.495,0.778,0.824,0.233,0.936,0.35,0.438,1.681,0.251,0.264,2.667,2.445,0.849361
2004-03-28,1.484,7.097,9.329,1.142,1.87,1.623,0.163,0.717,0.726,0.121,0.935,0.084,3.083,0.169,0.416,0.246,0.077,0.062,0.53,0.453,4.291,0.556,0.435,1.931,0.433,0.202,1.471,1.117,0.062,3.611,10.742,0.381,0.059,1.37,0.666,0.708,0.224,0.999,0.27,0.411,1.606,0.253,0.211,2.366,2.241,0.74712664
2004-04-04,1.485,6.859,8.579,1.158,1.825,1.45,0.181,0.599,0.728,0.11,0.871,0.139,2.61,0.158,0.384,0.19,0.099,0.106,0.61,0.439,4.363,0.532,0.405,1.855,0.359,0.222,1.513,1.173,0.061,3.633,10.59,0.393,0.07,1.395,0.831,0.758,0.213,0.914,0.35,0.405,1.696,0.232,0.196,2.384,2.367,0.66170788
2004-04-11,1.317,6.42,8.544,1.096,1.659,1.579,0.191,0.597,0.668,0.148,0.857,0.087,2.65,0.185,0.413,0.182,0.061,0.055,0.563,0.405,4.108,0.513,0.38,1.729,0.324,0.221,1.346,1.037,0.068,3.395,9.758,0.342,0.061,1.356,0.797,0.572,0.173,0.927,0.255,0.412,1.627,0.166,0.233,2.187,2.297,0.67951387
2004-04-18,1.181,6.575,8.598,0.923,1.64,1.527,0.093,0.548,0.735,0.136,0.925,0.098,3.111,0.187,0.345,0.212,0.074,0.044,0.508,0.33,3.962,0.58,0.375,1.77,0.352,0.192,1.279,1.043,0.054,3.303,10.332,0.345,0.067,1.266,0.682,0.615,0.183,0.856,0.294,0.379,1.462,0.187,0.23,2.276,2.128,0.63307077
2004-04-25,1.082,6.556,8.651,0.841,1.605,1.619,0.158,0.546,0.633,0.134,0.898,0.078,2.789,0.201,0.375,0.23,0.044,0.042,0.589,0.395,4.065,0.597,0.321,1.723,0.348,0.154,1.273,1.006,0.051,3.327,10.429,0.379,0.054,1.371,0.684,0.54,0.156,0.85,0.257,0.375,1.55,0.141,0.23,2.13,2.17,0.56989372
2004-05-02,1.017,6.165,8.314,0.886,1.519,1.528,0.148,0.534,0.594,0.14,0.855,0.071,2.983,0.193,0.334,0.208,0.053,0.044,0.589,0.383,3.807,0.571,0.325,1.597,0.346,0.153,1.409,1.016,0.046,3.364,10.336,0.352,0.053,1.205,0.645,0.574,0.164,0.791,0.264,0.339,1.521,0.144,0.171,2.243,1.902,0.59135675
2004-05-09,0.956,6.133,7.392,0.873,1.384,1.588,0.146,0.479,0.603,0.09,0.782,0.09,2.594,0.179,0.309,0.246,0.049,0.04,0.5,0.316,3.868,0.518,0.276,1.595,0.316,0.173,1.219,0.878,0.034,3.154,9.686,0.336,0.047,1.095,0.629,0.582,0.188,0.817,0.246,0.271,1.349,0.155,0.217,2.168,1.951,0.58904356
2004-05-16,0.869,5.9,7.243,0.833,1.267,1.61,0.087,0.501,0.519,0.115,0.827,0.078,2.163,0.173,0.306,0.171,0.052,0.023,0.575,0.436,3.771,0.559,0.315,1.532,0.323,0.148,1.3,0.739,0.058,2.927,9.521,0.306,0.052,1.103,0.685,0.555,0.204,0.827,0.265,0.27,1.307,0.142,0.164,2.269,2.001,0.67864048
2004-05-23,0.862,5.437,6.872,0.845,1.245,1.463,0.085,0.454,0.52,0.092,0.702,0.06,1.752,0.202,0.29,0.172,0.025,0.026,0.602,0.322,4.051,0.592,0.277,1.56,0.258,0.17,1.248,0.818,0.045,3.166,9.393,0.366,0.047,1.073,0.53,0.658,0.157,0.798,0.258,0.334,1.386,0.143,0.183,2.476,1.903,0.63755846
2004-05-30,0.83,5.484,6.727,0.863,1.075,1.495,0.071,0.449,0.61,0.093,0.75,0.079,1.305,0.204,0.339,0.143,0.051,0.014,0.574,0.325,4.037,0.537,0.293,1.477,0.329,0.137,1.218,0.934,0.042,3.029,8.907,0.325,0.034,1.168,0.554,0.55,0.194,0.808,0.261,0.299,1.41,0.137,0.168,2.378,2.16,0.81330919
2004-06-06,0.886,5.594,6.53,0.869,0.992,1.554,0.053,0.495,0.621,0.077,0.741,0.061,1.03,0.218,0.316,0.098,0.033,0.022,0.558,0.364,4.217,0.595,0.291,1.56,0.316,0.163,1.149,0.79,0.041,3.112,8.355,0.328,0.055,1.093,0.544,0.509,0.175,0.806,0.273,0.336,1.417,0.12,0.214,2.48,1.916,0.83455104
2004-06-13,0.879,4.815,5.317,0.767,0.899,1.54,0.048,0.375,0.525,0.06,0.585,0.08,0.711,0.228,0.332,0.068,0.034,0.014,0.545,0.314,3.941,0.555,0.226,1.518,0.246,0.154,1.248,0.919,0.048,2.852,7.915,0.318,0.046,1.003,0.527,0.513,0.19,0.699,0.202,0.314,1.436,0.122,0.172,2.437,1.786,0.61617404
2004-06-20,0.843,4.634,5.268,0.719,0.973,1.476,0.071,0.366,0.461,0.071,0.51,0.083,0.656,0.181,0.313,0.051,0.028,0.016,0.56,0.331,4.025,0.583,0.238,1.61,0.266,0.16,1.028,0.721,0.055,3.06,7.626,0.357,0.043,1.024,0.53,0.544,0.126,0.749,0.211,0.299,1.533,0.12,0.187,2.429,1.992,0.51328576
2004-06-27,0.823,4.326,5.145,0.684,0.85,1.398,0.041,0.363,0.487,0.081,0.57,0.079,0.713,0.176,0.326,0.05,0.044,0.023,0.533,0.278,3.98,0.552,0.27,1.435,0.232,0.176,0.985,0.751,0.041,2.858,7.12,0.278,0.052,0.962,0.473,0.533,0.158,0.724,0.176,0.255,1.429,0.089,0.162,2.327,1.947,0.35188109
2004-07-04,0.931,4.025,5.032,0.685,0.837,1.53,0.045,0.325,0.456,0.06,0.603,0.053,0.582,0.246,0.237,0.045,0.039,0.024,0.509,0.274,3.935,0.64,0.208,1.369,0.231,0.141,1.001,0.683,0.047,2.687,6.969,0.306,0.021,1.001,0.507,0.462,0.171,0.687,0.231,0.167,1.442,0.113,0.098,2.101,1.746,0.54262114
2004-07-11,0.822,4.032,5.188,0.679,0.868,1.489,0.075,0.359,0.453,0.093,0.596,0.06,0.715,0.163,0.226,0.042,0.032,0.026,0.508,0.286,3.842,0.619,0.171,1.457,0.232,0.139,0.993,0.77,0.042,2.648,6.73,0.302,0.042,0.947,0.512,0.488,0.113,0.677,0.218,0.195,1.483,0.079,0.145,2.313,1.829,0.58103621
2004-07-18,0.83,3.921,4.589,0.581,1.015,1.532,0.044,0.311,0.354,0.064,0.485,0.047,0.684,0.182,0.197,0.053,0.027,0.025,0.491,0.216,3.966,0.583,0.197,1.421,0.223,0.136,0.905,0.748,0.034,2.377,6.457,0.244,0.04,0.939,0.504,0.549,0.142,0.602,0.197,0.191,1.297,0.083,0.114,2.224,1.737,0.49548629
2004-07-25,0.791,3.593,4.608,0.569,0.844,1.512,0.065,0.309,0.376,0.082,0.423,0.076,0.558,0.212,0.241,0.036,0.034,0.021,0.508,0.273,3.681,0.6,0.165,1.315,0.188,0.129,0.827,0.738,0.036,2.372,6.358,0.231,0.032,0.96,0.383,0.541,0.137,0.607,0.163,0.182,1.364,0.091,0.146,2.286,1.579,0.61209035
2004-08-01,0.839,3.61,4.558,0.641,0.923,1.5,0.052,0.326,0.394,0.062,0.54,0.06,0.649,0.194,0.231,0.068,0.016,0.023,0.501,0.229,3.942,0.659,0.204,1.428,0.187,0.122,0.919,0.752,0.029,2.617,6.224,0.268,0.037,0.904,0.47,0.534,0.167,0.684,0.198,0.196,1.558,0.12,0.152,2.369,1.665,0.53149056
2004-08-08,0.941,3.7,4.803,0.606,0.857,1.4,0.045,0.334,0.387,0.098,0.475,0.061,0.606,0.199,0.223,0.068,0.035,0.018,0.62,0.284,3.778,0.692,0.203,1.496,0.229,0.141,0.907,0.78,0.033,2.531,6.244,0.225,0.041,0.921,0.426,0.577,0.143,0.555,0.186,0.217,1.418,0.11,0.156,2.378,1.633,0.51998669
2004-08-15,0.952,3.948,4.908,0.62,0.984,1.361,0.075,0.387,0.375,0.083,0.579,0.049,0.694,0.211,0.283,0.083,0.065,0.014,0.496,0.298,3.865,0.597,0.213,1.415,0.269,0.2,0.832,0.828,0.038,2.569,6.329,0.326,0.051,0.964,0.492,0.543,0.17,0.642,0.166,0.249,1.438,0.117,0.148,2.306,1.891,0.57447577
2004-08-22,1.14,4.312,5.275,0.715,1.502,1.427,0.046,0.347,0.452,0.107,0.572,0.071,1.075,0.164,0.358,0.09,0.093,0.017,0.697,0.274,4.038,0.648,0.252,1.431,0.265,0.217,0.939,0.934,0.05,2.679,6.534,0.335,0.072,0.886,0.52,0.61,0.206,0.699,0.212,0.299,1.494,0.099,0.16,2.348,1.723,0.66317534
2004-08-29,1.149,4.479,5.399,0.738,1.314,1.434,0.082,0.362,0.459,0.133,0.607,0.084,1.117,0.167,0.367,0.079,0.049,0.011,0.641,0.292,3.984,0.633,0.234,1.507,0.272,0.201,0.993,1.035,0.051,2.779,7.107,0.335,0.066,1.012,0.566,0.517,0.167,0.716,0.24,0.305,1.606,0.094,0.182,2.23,1.934,0.61469102
2004-09-05,1.39,4.882,6.046,0.8,1.394,1.631,0.094,0.461,0.514,0.143,0.681,0.132,1.317,0.205,0.397,0.158,0.049,0.049,0.826,0.299,4.143,0.547,0.261,1.599,0.273,0.182,1.065,1.099,0.077,2.669,7.002,0.342,0.058,1.134,0.544,0.555,0.203,0.715,0.222,0.365,1.522,0.175,0.198,2.186,1.915,0.65682292
2004-09-12,1.397,5.347,6.706,0.868,1.822,1.62,0.114,0.55,0.562,0.155,0.756,0.102,1.63,0.192,0.49,0.15,0.099,0.031,0.761,0.396,4.135,0.621,0.298,1.751,0.322,0.231,1.067,1.206,0.066,2.958,7.608,0.4,0.061,1.189,0.533,0.528,0.197,0.801,0.271,0.412,1.477,0.134,0.271,2.11,1.965,0.72301573
2004-09-19,1.707,6.01,7.322,0.977,2.204,1.664,0.107,0.539,0.64,0.175,0.887,0.105,1.941,0.219,0.563,0.176,0.088,0.025,0.802,0.348,4.19,0.658,0.39,1.922,0.349,0.275,1.14,1.479,0.087,3.393,7.78,0.37,0.066,1.318,0.56,0.665,0.197,0.807,0.271,0.48,1.523,0.237,0.244,2.305,1.958,0.69185722
2004-09-26,1.986,6.621,8.09,1.029,2.507,1.586,0.146,0.631,0.731,0.174,0.933,0.113,2.314,0.163,0.469,0.217,0.093,0.049,0.623,0.449,4.305,0.667,0.374,2.116,0.384,0.273,1.207,1.556,0.086,3.333,8.253,0.376,0.09,1.395,0.626,0.67,0.225,0.83,0.306,0.515,1.429,0.247,0.279,2.192,1.993,0.78275776
2004-10-03,3.317,6.647,8.588,1.124,5.206,1.687,0.23,0.713,0.727,0.335,0.996,0.205,3.435,0.193,0.632,0.35,0.165,0.066,0.732,0.451,4.44,0.893,0.37,2.173,0.382,0.362,1.211,1.642,0.123,3.325,8.484,0.419,0.165,1.492,0.617,0.75,0.222,0.885,0.382,0.565,1.663,0.436,0.303,2.38,2.012,0.98227525
2004-10-10,5.376,7.057,8.793,1.341,6.864,1.499,0.331,0.76,0.838,0.46,0.954,0.312,3.967,0.179,0.686,0.455,0.279,0.061,0.69,0.457,4.419,1.192,0.407,2.398,0.414,0.487,1.102,1.619,0.236,3.309,8.3,0.482,0.291,1.718,0.715,0.766,0.274,0.919,0.404,0.434,1.642,0.62,0.278,2.235,2.137,1.0182126
2004-10-17,7.656,7.275,9.263,1.292,8.303,1.591,0.417,0.762,0.827,0.655,1.101,0.443,4.76,0.185,0.728,0.66,0.365,0.099,0.704,0.517,4.289,1.295,0.431,2.623,0.436,0.584,1.307,1.748,0.35,3.428,8.803,0.493,0.407,1.646,0.678,0.709,0.297,0.853,0.315,0.464,1.702,0.901,0.289,2.315,2.049,1.176805
2004-10-24,7.587,7.617,10.071,1.53,6.428,1.622,0.367,0.884,0.875,0.701,1.139,0.488,4.145,0.212,0.778,0.652,0.298,0.073,0.719,0.491,4.279,1.076,0.486,2.872,0.472,0.507,1.299,1.667,0.245,3.439,9.431,0.467,0.411,1.622,0.759,0.73,0.268,0.841,0.394,0.515,1.791,0.994,0.352,2.293,2.043,1.3012117
2004-10-31,7.094,7.967,9.831,1.454,5.697,1.597,0.312,0.914,0.977,0.74,1.14,0.394,3.86,0.198,0.77,0.554,0.301,0.105,0.675,0.485,4.226,0.971,0.519,2.68,0.505,0.502,1.383,1.769,0.226,3.412,9.684,0.512,0.355,1.604,0.727,0.746,0.265,0.971,0.396,0.507,1.774,0.702,0.314,2.32,2.013,1.2774557
2004-11-07,7.099,8.435,10.941,1.527,5.587,1.656,0.41,0.887,0.926,0.711,1.266,0.365,3.908,0.188,0.766,0.595,0.28,0.056,0.692,0.548,4.511,0.998,0.526,2.749,0.509,0.55,1.454,1.747,0.23,3.723,10.517,0.534,0.345,1.721,0.753,0.747,0.298,1.079,0.412,0.573,2.01,0.719,0.337,2.453,2.232,1.4038687
2004-11-14,6.647,8.767,11.133,1.517,5.053,1.747,0.358,0.913,1.006,0.613,1.31,0.313,3.844,0.189,0.758,0.604,0.299,0.085,0.755,0.565,4.663,0.949,0.592,2.939,0.517,0.529,1.482,1.964,0.209,3.812,10.445,0.601,0.34,1.869,0.848,0.807,0.307,1.092,0.464,0.514,2.106,0.609,0.361,2.427,2.526,1.4030101
2004-11-21,5.672,8.019,10.513,1.463,4.266,1.504,0.294,0.875,0.989,0.472,1.242,0.333,3.181,0.228,0.695,0.504,0.283,0.102,0.65,0.513,4.772,0.775,0.552,2.865,0.465,0.572,1.456,1.536,0.246,3.459,9.392,0.49,0.266,1.898,0.887,0.668,0.289,1.187,0.367,0.44,2.099,0.533,0.362,2.402,2.675,1.7397478
2004-11-28,6.569,9.4,11.769,1.648,5.097,1.786,0.369,1.084,1.051,0.636,1.411,0.335,4.064,0.2,0.87,0.593,0.289,0.107,0.759,0.568,4.652,0.783,0.58,3.156,0.544,0.601,1.4,2.008,0.246,4.019,10.577,0.525,0.278,2.027,0.922,0.833,0.349,1.078,0.461,0.623,2.204,0.605,0.365,2.405,2.658,1.5689408
2004-12-05,6.329,9.382,12.064,1.71,5.042,1.87,0.386,1.003,1.049,0.612,1.475,0.321,3.974,0.244,0.767,0.612,0.251,0.105,0.751,0.613,4.656,0.814,0.621,3.193,0.546,0.54,1.572,1.87,0.222,3.931,10.646,0.539,0.328,1.945,0.943,0.784,0.378,1.119,0.447,0.572,2.034,0.557,0.361,2.339,2.529,1.6592717
2004-12-12,6.464,9.302,11.478,1.71,5.023,1.851,0.38,1.047,1.068,0.688,1.347,0.311,3.843,0.231,0.774,0.59,0.272,0.1,0.756,0.613,4.76,0.833,0.628,3.249,0.505,0.59,1.678,2.028,0.266,4.038,10.98,0.531,0.327,2.017,1.009,0.884,0.339,1.171,0.495,0.593,2.272,0.587,0.389,2.464,2.574,1.8134111
2004-12-19,8.121,9.975,11.766,2.055,5.679,2.079,0.439,1.149,1.149,0.753,1.399,0.386,2.823,0.331,0.962,0.524,0.396,0.188,0.697,0.616,5.754,0.881,0.578,3.096,0.58,0.703,1.684,1.993,0.373,4.818,10.536,0.544,0.414,2.138,1.183,0.819,0.401,1.433,0.542,0.612,2.757,0.699,0.458,2.959,2.838,2.3762558
2004-12-26,9.969,11.399,13.19,2.438,7.142,2.326,0.503,1.374,1.368,0.766,1.592,0.527,2.949,0.378,1.122,0.503,0.542,0.281,0.904,0.76,6.205,0.93,0.723,3.91,0.645,0.943,1.89,2.201,0.52,5.791,10.816,0.736,0.539,2.552,1.26,1.008,0.477,1.608,0.559,0.684,2.773,0.937,0.546,3.154,3.469,2.7705247
2005-01-02,9.622,12.942,15.708,2.73,7.336,2.428,0.562,1.457,1.473,0.701,1.871,0.487,4.344,0.305,1.005,0.657,0.535,0.46,0.905,0.808,5.636,1.055,0.748,4.477,0.744,0.898,1.728,2.385,0.42,5.902,11.482,0.749,0.512,2.5,1.363,1.09,0.498,1.48,0.579,0.774,2.318,0.863,0.52,3.044,3.344,2.4006429
2005-01-09,8.173,11.322,14.401,2.382,6.441,2.372,0.541,1.295,1.249,0.752,1.691,0.433,4.457,0.324,0.813,0.634,0.439,0.514,0.921,0.747,5.404,1.109,0.626,3.762,0.592,0.727,1.626,2.084,0.373,4.752,11.241,0.72,0.412,2.16,1.168,1.0,0.478,1.392,0.559,0.631,2.28,0.706,0.435,2.523,2.811,2.5415463
2005-01-16,8.335,10.82,14.249,2.255,6.404,2.654,0.611,1.363,1.251,0.802,1.716,0.451,4.763,0.397,0.946,0.596,0.457,0.666,0.943,0.778,5.304,1.171,0.659,3.525,0.645,0.666,1.725,2.181,0.418,4.967,11.455,0.629,0.412,2.248,1.11,1.049,0.457,1.263,0.521,0.674,2.483,0.804,0.411,2.429,2.819,2.8587065
2005-01-23,9.412,12.392,14.993,2.411,7.409,2.752,0.72,1.462,1.433,0.909,1.88,0.453,5.7,0.406,1.045,0.732,0.497,1.014,1.005,0.785,5.24,1.363,0.782,3.82,0.711,0.779,1.849,2.262,0.439,5.253,12.91,0.805,0.497,2.361,1.157,1.131,0.468,1.44,0.512,0.704,2.649,0.805,0.506,2.643,2.968,3.5501058
2005-01-30,11.486,13.064,16.142,2.517,8.988,3.141,0.838,1.496,1.62,1.094,1.879,0.619,6.563,0.45,1.05,0.864,0.623,1.395,1.176,0.897,5.683,1.622,0.839,3.93,0.763,0.934,2.233,2.531,0.568,5.529,14.349,0.873,0.556,2.383,1.251,1.204,0.502,1.464,0.63,0.778,2.707,0.808,0.534,2.906,3.035,4.5859127
2005-02-06,13.864,13.984,17.193,2.98,11.163,3.535,1.036,1.765,1.794,1.391,2.067,0.751,7.584,0.538,1.208,0.972,0.745,1.552,1.235,0.941,6.188,1.82,0.991,4.088,0.838,0.944,2.424,2.64,0.645,6.031,15.212,1.01,0.693,2.502,1.4,1.44,0.556,1.678,0.68,0.906,2.898,0.893,0.576,3.136,3.238,5.0580864
2005-02-13,14.273,13.853,16.967,2.884,11.402,3.524,0.965,1.762,1.781,1.258,1.957,0.811,7.419,0.547,1.206,1.115,0.75,1.218,1.198,0.91,6.385,1.977,0.97,4.178,0.875,0.936,2.464,2.503,0.615,6.061,15.322,0.946,0.687,2.53,1.436,1.352,0.501,1.667,0.687,0.856,2.989,0.921,0.617,3.156,3.261,5.4415069
2005-02-20,11.805,13.484,16.597,2.958,10.209,3.191,0.77,1.662,1.636,1.058,1.945,0.612,6.316,0.445,1.011,0.891,0.749,1.106,1.143,0.892,6.148,1.918,0.924,4.231,0.806,0.792,2.312,2.506,0.553,6.144,14.018,0.865,0.575,2.423,1.38,1.224,0.518,1.69,0.664,0.838,3.023,0.783,0.547,3.187,3.255,4.4729037
2005-02-27,9.081,12.197,15.035,2.44,8.003,2.712,0.701,1.496,1.449,0.983,1.805,0.5,5.808,0.41,1.019,0.761,0.541,0.847,0.929,0.8,6.034,1.55,0.788,3.816,0.732,0.739,2.171,2.42,0.418,5.825,14.279,0.84,0.431,2.345,1.392,1.176,0.467,1.517,0.574,0.803,2.897,0.705,0.478,3.178,2.936,3.6752002
2005-03-06,7.204,11.706,16.506,2.869,6.483,2.917,0.617,1.693,1.398,0.745,1.74,0.431,5.047,0.381,0.795,0.639,0.423,0.672,0.966,0.848,5.876,1.328,0.721,3.87,0.667,0.618,2.038,1.991,0.321,5.799,14.512,0.753,0.342,2.078,1.223,1.137,0.44,1.467,0.575,0.713,2.822,0.558,0.468,2.889,2.737,3.3352997
2005-03-13,6.019,11.277,14.625,2.549,5.549,2.867,0.518,1.62,1.265,0.6,1.694,0.398,4.444,0.386,0.787,0.557,0.369,0.464,0.803,0.731,5.826,1.159,0.719,3.678,0.659,0.527,1.987,1.994,0.286,5.609,14.271,0.76,0.303,1.942,1.156,1.113,0.432,1.429,0.583,0.643,2.792,0.536,0.463,3.033,2.625,2.7622395
2005-03-20,5.336,10.951,13.391,2.453,4.732,2.723,0.394,1.318,1.291,0.525,1.533,0.279,3.633,0.353,0.779,0.436,0.259,0.357,0.899,0.704,5.976,1.046,0.651,3.345,0.692,0.502,1.959,1.924,0.271,5.357,13.656,0.759,0.23,1.983,1.112,0.987,0.394,1.474,0.56,0.608,2.766,0.406,0.444,2.985,2.731,2.4684441
2005-03-27,4.267,10.478,13.261,2.161,3.734,2.627,0.317,1.286,1.167,0.37,1.536,0.243,3.297,0.328,0.684,0.345,0.272,0.315,0.791,0.646,5.593,1.06,0.646,3.371,0.599,0.444,1.984,1.768,0.209,5.077,13.392,0.677,0.202,1.782,0.994,0.963,0.412,1.281,0.494,0.583,2.57,0.349,0.462,2.741,2.459,2.0008073
2005-04-03,2.982,10.263,12.131,1.749,2.864,2.31,0.273,1.048,1.143,0.307,1.418,0.213,3.397,0.354,0.609,0.371,0.235,0.225,0.797,0.618,5.483,0.827,0.665,3.198,0.594,0.364,1.788,1.611,0.104,4.782,13.121,0.658,0.139,1.636,0.916,0.922,0.406,1.243,0.498,0.527,2.444,0.238,0.393,2.609,2.319,1.5431895
2005-04-10,2.302,9.319,11.208,1.52,3.26,2.024,0.254,0.954,1.021,0.237,1.34,0.156,3.496,0.306,0.519,0.278,0.145,0.17,0.742,0.598,5.192,0.763,0.606,2.702,0.557,0.313,1.708,1.564,0.092,4.278,12.557,0.593,0.115,1.605,0.794,0.815,0.334,1.038,0.424,0.464,2.299,0.229,0.406,2.424,2.194,1.5019509
2005-04-17,1.955,8.631,10.085,1.478,2.333,1.968,0.186,0.874,0.881,0.19,1.169,0.121,2.8,0.246,0.492,0.244,0.128,0.124,0.733,0.551,4.908,0.669,0.547,2.526,0.517,0.28,1.623,1.466,0.074,3.921,12.11,0.568,0.109,1.446,0.837,0.719,0.302,1.041,0.451,0.419,2.123,0.177,0.311,2.321,2.02,1.2291781
2005-04-24,1.726,8.637,10.237,1.471,2.006,1.918,0.183,0.86,0.821,0.174,1.175,0.124,2.77,0.22,0.496,0.25,0.102,0.109,0.668,0.558,5.057,0.703,0.566,2.409,0.548,0.264,1.697,1.44,0.081,4.1,12.206,0.562,0.079,1.477,0.771,0.751,0.318,1.082,0.447,0.426,2.066,0.182,0.253,2.151,2.063,1.218539
2005-05-01,1.589,8.213,9.77,1.337,1.844,1.835,0.191,0.836,0.851,0.179,1.097,0.122,2.739,0.229,0.452,0.257,0.09,0.086,0.671,0.49,4.724,0.662,0.51,2.451,0.54,0.288,1.669,1.472,0.046,4.166,12.062,0.551,0.084,1.403,0.804,0.858,0.307,1.032,0.402,0.468,2.082,0.169,0.271,2.171,2.059,1.1583152
2005-05-08,1.506,8.093,9.181,1.252,1.745,1.786,0.132,0.768,0.807,0.182,1.042,0.092,2.551,0.265,0.409,0.245,0.056,0.054,0.639,0.514,4.663,0.664,0.471,2.269,0.448,0.249,1.617,1.551,0.097,4.357,11.519,0.478,0.064,1.298,0.753,0.638,0.249,0.975,0.409,0.416,2.171,0.155,0.229,2.18,2.104,1.2490008
2005-05-15,1.355,7.608,8.827,1.152,1.697,1.711,0.109,0.759,0.767,0.174,0.93,0.088,2.228,0.242,0.441,0.242,0.071,0.054,0.624,0.415,4.618,0.669,0.419,2.262,0.404,0.201,1.648,2.712,0.056,4.221,11.414,0.462,0.08,1.182,0.791,0.744,0.227,0.983,0.337,0.354,2.238,0.146,0.237,1.99,1.905,1.1688783
2005-05-22,1.235,7.208,8.397,1.09,1.556,1.794,0.132,0.693,0.716,0.139,0.912,0.105,1.791,0.238,0.38,0.199,0.07,0.062,0.589,0.432,4.958,0.658,0.458,2.186,0.374,0.226,1.539,1.851,0.059,3.783,11.143,0.455,0.06,1.234,0.735,0.771,0.242,0.904,0.335,0.338,2.192,0.145,0.239,2.145,1.952,1.0788784
2005-05-29,1.223,6.864,7.416,1.04,1.312,1.902,0.089,0.679,0.666,0.131,0.861,0.089,1.526,0.266,0.376,0.129,0.058,0.028,0.59,0.36,4.612,0.585,0.371,2.08,0.365,0.207,1.481,1.011,0.044,3.6,10.281,0.478,0.063,1.206,0.662,0.647,0.198,0.826,0.303,0.298,1.991,0.17,0.183,2.002,1.805,1.2305934
2005-06-05,1.007,6.192,6.588,0.895,1.184,1.721,0.064,0.544,0.576,0.131,0.792,0.075,1.302,0.266,0.329,0.113,0.047,0.049,0.556,0.361,4.453,0.669,0.348,1.725,0.336,0.193,1.418,0.92,0.043,3.411,9.79,0.421,0.068,1.08,0.688,0.585,0.208,0.765,0.271,0.287,2.002,0.103,0.216,2.061,1.693,1.1474749
2005-06-12,1.105,5.494,6.109,0.899,1.033,1.783,0.065,0.528,0.485,0.101,0.695,0.082,0.802,0.285,0.275,0.068,0.055,0.04,0.645,0.314,4.346,0.825,0.314,1.838,0.299,0.158,1.304,0.763,0.045,3.038,9.282,0.417,0.047,0.994,0.581,0.676,0.186,0.799,0.242,0.26,1.976,0.132,0.137,2.005,1.659,1.0025429
2005-06-19,1.059,5.456,5.947,0.784,1.195,1.734,0.058,0.447,0.473,0.1,0.651,0.09,0.742,0.289,0.264,0.083,0.083,0.042,0.588,0.306,4.419,1.015,0.328,1.864,0.255,0.217,1.251,0.841,0.035,3.049,8.666,0.445,0.063,0.998,0.596,0.597,0.189,0.722,0.234,0.227,1.882,0.125,0.178,1.861,1.572,0.95756912
2005-06-26,1.028,4.772,5.621,0.667,1.12,1.643,0.072,0.449,0.454,0.097,0.696,0.062,0.761,0.235,0.293,0.066,0.054,0.026,0.583,0.312,4.538,0.783,0.278,1.674,0.275,0.213,1.103,0.793,0.046,2.882,8.295,0.33,0.05,0.973,0.529,0.563,0.179,0.683,0.241,0.224,1.88,0.138,0.157,1.899,1.699,0.8948375
2005-07-03,0.962,4.609,5.369,0.728,1.062,1.806,0.072,0.424,0.472,0.104,0.61,0.085,0.631,0.293,0.261,0.055,0.052,0.035,0.539,0.254,4.234,0.743,0.207,1.583,0.259,0.167,1.214,0.859,0.053,2.54,8.195,0.345,0.039,1.011,0.491,0.619,0.184,0.723,0.232,0.21,1.805,0.128,0.155,1.783,1.519,0.7982052
2005-07-10,1.116,4.538,5.445,0.691,1.084,1.768,0.09,0.417,0.427,0.108,0.669,0.061,0.75,0.28,0.291,0.091,0.048,0.031,0.584,0.283,4.314,0.75,0.245,1.636,0.226,0.155,1.161,0.846,0.036,2.63,8.026,0.325,0.06,0.996,0.472,0.562,0.185,0.683,0.25,0.2,1.784,0.112,0.134,1.88,1.679,0.7578125
2005-07-17,0.992,4.315,5.543,0.675,1.012,1.727,0.053,0.359,0.421,0.118,0.614,0.067,0.702,0.287,0.253,0.054,0.05,0.037,0.539,0.299,4.148,0.691,0.235,1.622,0.233,0.184,1.131,0.784,0.049,2.381,7.547,0.311,0.048,0.932,0.478,0.608,0.183,0.663,0.191,0.192,1.737,0.1,0.133,1.854,1.555,0.82596338
2005-07-24,1.032,4.172,5.133,0.659,0.955,1.784,0.064,0.4,0.439,0.102,0.603,0.069,0.845,0.262,0.25,0.075,0.042,0.02,0.517,0.27,4.249,0.752,0.214,1.528,0.212,0.179,1.015,0.816,0.039,2.441,6.964,0.299,0.048,0.888,0.445,0.576,0.184,0.576,0.179,0.194,1.7,0.115,0.106,1.763,1.346,0.74492699
2005-07-31,1.08,4.123,5.22,0.678,1.067,1.596,0.061,0.391,0.38,0.124,0.611,0.07,0.665,0.225,0.242,0.073,0.027,0.042,0.594,0.291,4.177,0.689,0.23,1.564,0.193,0.222,1.012,0.801,0.057,2.51,7.024,0.293,0.044,0.928,0.505,0.529,0.182,0.61,0.154,0.226,1.846,0.11,0.124,1.789,1.354,0.78704923
2005-08-07,0.965,4.321,5.518,0.701,1.041,1.771,0.074,0.438,0.463,0.108,0.665,0.052,0.594,0.264,0.277,0.062,0.038,0.031,0.579,0.308,4.2,0.646,0.292,1.616,0.263,0.194,1.069,0.828,0.065,2.894,7.24,0.395,0.042,0.915,0.525,0.628,0.161,0.646,0.209,0.215,1.77,0.11,0.155,1.887,1.424,0.68472379
2005-08-14,1.032,4.502,5.851,0.768,1.015,1.775,0.072,0.449,0.438,0.13,0.651,0.075,0.602,0.248,0.311,0.052,0.081,0.022,0.584,0.269,4.319,0.62,0.24,1.716,0.256,0.251,0.998,0.971,0.063,2.673,7.35,0.326,0.048,0.977,0.599,0.651,0.159,0.654,0.263,0.25,1.848,0.102,0.16,1.831,1.423,0.74736094
2005-08-21,1.153,4.704,5.928,0.775,1.172,1.802,0.059,0.484,0.439,0.148,0.613,0.107,0.768,0.237,0.386,0.076,0.056,0.047,0.69,0.332,4.59,0.623,0.3,1.609,0.255,0.249,1.026,1.031,0.063,2.853,7.58,0.371,0.055,1.087,0.518,0.7,0.16,0.728,0.257,0.286,1.929,0.157,0.161,1.868,1.552,0.67397445
2005-08-28,1.143,5.05,5.729,0.787,1.176,1.717,0.063,0.505,0.515,0.17,0.671,0.106,0.925,0.224,0.372,0.107,0.075,0.046,0.644,0.283,4.208,0.689,0.274,1.755,0.296,0.229,1.197,1.082,0.058,2.835,7.799,0.378,0.045,1.109,0.504,0.522,0.173,0.689,0.258,0.324,1.932,0.139,0.168,1.908,1.603,0.86966163
2005-09-04,1.427,5.683,6.212,0.968,1.367,1.844,0.091,0.578,0.592,0.167,0.749,0.086,1.156,0.253,0.484,0.121,0.124,0.031,0.751,0.307,4.54,0.623,0.338,1.77,0.335,0.321,1.148,1.318,0.068,2.973,7.875,0.436,0.059,1.227,0.612,0.708,0.167,0.756,0.258,0.386,2.028,0.166,0.19,1.902,1.573,0.89952898
2005-09-11,1.744,6.442,6.868,0.939,2.853,1.825,0.074,0.604,0.638,0.218,0.836,0.144,1.932,0.23,0.549,0.162,0.117,0.059,0.78,0.397,4.467,0.883,0.456,1.83,0.365,0.553,1.227,1.497,0.071,3.305,8.502,0.5,0.084,1.338,0.642,0.7,0.216,0.777,0.326,0.428,1.884,0.194,0.225,1.967,1.78,0.85463464
2005-09-18,1.676,6.68,7.506,1.065,2.705,1.815,0.108,0.697,0.651,0.23,0.894,0.14,1.985,0.228,0.598,0.264,0.131,0.067,0.826,0.372,4.452,1.03,0.454,2.032,0.437,0.522,1.329,1.626,0.115,3.24,8.522,0.534,0.078,1.36,0.504,0.771,0.208,0.75,0.303,0.516,1.811,0.245,0.226,2.052,1.741,1.0112264
2005-09-25,2.058,7.17,8.358,1.196,3.626,1.877,0.137,0.78,0.684,0.276,0.987,0.151,2.516,0.186,0.599,0.258,0.104,0.072,0.816,0.389,4.528,0.889,0.607,2.182,0.429,0.601,1.308,1.679,0.09,3.3,8.718,0.514,0.084,1.516,0.707,0.833,0.236,0.822,0.336,0.519,1.862,0.289,0.274,1.975,1.797,0.97780848
2005-10-02,2.669,7.34,8.99,1.245,5.3,1.887,0.195,0.863,0.736,0.279,1.001,0.224,3.074,0.23,0.537,0.333,0.158,0.088,0.767,0.441,4.682,1.207,0.539,2.177,0.397,0.666,1.224,1.703,0.154,3.262,8.965,0.534,0.153,1.579,0.754,0.742,0.294,0.842,0.381,0.52,1.883,0.396,0.301,2.046,1.765,1.1777766
2005-10-09,3.3,7.315,8.624,1.194,5.682,1.795,0.203,0.785,0.696,0.383,0.971,0.226,3.412,0.169,0.576,0.391,0.273,0.131,0.723,0.442,4.334,1.386,0.544,2.228,0.4,0.965,1.233,1.719,0.192,3.071,9.177,0.501,0.147,1.569,0.672,0.779,0.264,0.842,0.361,0.566,2.029,0.629,0.27,2.086,1.803,1.219466
2005-10-16,3.542,7.442,9.147,1.141,4.773,1.957,0.215,0.754,0.763,0.384,1.101,0.247,3.484,0.281,0.594,0.404,0.176,0.121,0.753,0.494,4.534,1.173,0.508,2.291,0.451,0.824,1.287,1.892,0.182,3.182,9.579,0.528,0.178,1.57,0.704,0.674,0.275,0.933,0.365,0.498,1.924,0.657,0.259,2.069,1.75,1.3068974
2005-10-23,4.292,7.616,9.81,1.418,4.747,1.877,0.269,0.846,0.806,0.487,1.179,0.283,3.401,0.171,0.657,0.472,0.231,0.118,0.69,0.493,4.432,1.085,0.507,2.399,0.419,0.784,1.268,1.9,0.19,3.269,9.817,0.53,0.235,1.655,0.75,0.848,0.328,0.903,0.353,0.581,2.17,0.605,0.304,2.032,1.756,1.3393091
2005-10-30,5.322,9.063,10.554,1.432,5.932,2.029,0.3,0.987,0.952,0.699,1.23,0.376,3.909,0.212,0.706,0.547,0.233,0.128,0.785,0.561,4.704,1.17,0.705,2.661,0.516,0.985,1.498,2.117,0.225,3.886,10.901,0.546,0.243,1.807,0.81,0.899,0.273,1.04,0.442,0.58,2.451,0.674,0.299,2.226,1.969,1.5837414
2005-11-06,5.485,9.322,10.75,1.528,4.742,2.037,0.263,1.076,0.995,0.599,1.313,0.368,3.372,0.234,0.664,0.403,0.204,0.13,0.757,0.543,4.965,1.121,0.683,2.794,0.525,0.746,1.577,1.991,0.184,3.803,10.926,0.622,0.22,1.955,0.841,0.935,0.307,1.004,0.441,0.649,2.391,0.69,0.38,2.267,2.004,1.4707228
2005-11-13,5.825,9.05,11.3,1.713,4.658,1.894,0.25,1.142,1.105,0.677,1.344,0.374,3.666,0.225,0.801,0.448,0.179,0.15,0.763,0.539,4.927,1.042,0.76,2.908,0.542,0.694,1.499,2.103,0.177,3.761,10.952,0.583,0.263,1.901,0.841,0.861,0.322,1.08,0.447,0.631,2.407,0.643,0.323,2.341,1.98,1.6111954
2005-11-20,5.224,8.304,9.841,1.564,3.768,1.779,0.27,1.001,0.876,0.555,1.232,0.329,2.795,0.23,0.725,0.367,0.214,0.113,0.711,0.496,4.999,0.812,0.646,2.636,0.468,0.687,1.484,1.833,0.175,3.649,10.398,0.465,0.219,1.912,0.873,0.922,0.274,1.116,0.444,0.559,2.372,0.559,0.327,2.35,2.243,1.8269941
2005-11-27,5.823,9.938,11.614,1.671,4.397,2.042,0.29,1.131,1.088,0.663,1.389,0.366,3.582,0.249,0.878,0.478,0.202,0.156,0.731,0.583,5.113,0.848,0.714,3.036,0.53,0.8,1.595,2.383,0.191,4.142,11.699,0.563,0.26,2.09,0.916,0.973,0.348,1.262,0.487,0.728,2.548,0.547,0.359,2.485,2.216,1.7748162
2005-12-04,5.277,9.558,11.465,1.667,4.23,1.986,0.281,1.187,0.95,0.681,1.456,0.412,3.488,0.282,0.909,0.486,0.205,0.229,0.812,0.593,4.947,0.904,0.703,2.823,0.582,0.859,1.55,2.246,0.217,3.917,11.578,0.591,0.234,2.011,0.9,1.026,0.325,1.067,0.473,0.743,2.37,0.499,0.291,2.391,1.965,1.9445069
2005-12-11,6.462,9.978,11.696,1.893,4.778,2.225,0.338,1.288,1.098,0.697,1.43,0.395,3.404,0.308,0.977,0.535,0.286,0.28,0.793,0.624,4.994,1.024,0.736,2.984,0.552,0.856,1.723,2.378,0.252,4.227,12.141,0.627,0.299,2.056,0.981,1.053,0.352,1.229,0.506,0.754,2.579,0.615,0.396,2.581,2.058,2.3551152
2005-12-18,7.828,11.256,12.406,2.232,5.577,2.464,0.347,1.42,1.306,0.862,1.579,0.524,2.867,0.383,1.124,0.486,0.382,0.536,0.898,0.708,6.086,1.101,0.883,3.328,0.644,0.965,1.93,2.516,0.389,5.062,12.608,0.721,0.381,2.408,1.194,0.985,0.406,1.346,0.558,0.898,3.348,0.709,0.525,3.154,2.506,3.1087751
2005-12-25,9.878,11.87,12.975,2.443,7.567,2.565,0.546,1.54,1.32,0.915,1.673,0.596,2.795,0.415,1.211,0.485,0.521,0.624,0.883,0.663,6.582,1.264,0.973,3.464,0.676,1.127,1.934,2.588,0.529,5.881,12.294,0.834,0.478,2.652,1.353,1.096,0.446,1.595,0.632,0.852,3.203,0.912,0.523,3.278,3.048,3.2823761
2006-01-01,8.27,12.471,13.474,2.524,6.111,2.331,0.415,1.512,1.398,0.769,1.686,0.487,3.285,0.328,0.973,0.548,0.373,0.48,0.906,0.703,5.863,1.02,0.881,3.816,0.709,0.937,1.763,2.641,0.355,6.268,12.782,0.787,0.392,2.534,1.299,1.208,0.46,1.396,0.611,0.829,2.907,0.897,0.495,3.08,3.021,2.6291399
2006-01-08,6.329,10.932,12.431,1.907,5.144,2.258,0.397,1.295,1.144,0.699,1.553,0.377,3.62,0.322,0.821,0.452,0.265,0.438,0.814,0.637,5.604,1.353,0.745,3.355,0.577,0.744,1.7,2.384,0.265,5.237,12.401,0.724,0.293,2.251,1.124,1.186,0.368,1.209,0.561,0.724,2.724,0.632,0.412,3.01,2.541,2.2514951
2006-01-15,6.028,9.322,11.649,1.823,4.73,2.079,0.362,1.247,1.08,0.694,1.441,0.374,3.092,0.325,0.753,0.481,0.262,0.435,0.836,0.672,5.274,1.391,0.669,3.029,0.531,0.621,1.66,2.072,0.239,4.488,11.954,0.643,0.277,1.893,0.991,1.085,0.352,1.183,0.453,0.637,2.701,0.598,0.348,2.748,2.306,2.3585765
2006-01-22,6.181,9.754,11.875,1.881,4.74,2.407,0.359,1.193,0.982,0.702,1.434,0.393,3.474,0.314,0.805,0.536,0.278,0.547,0.878,0.676,5.457,0.883,0.622,3.02,0.563,0.764,1.844,2.098,0.286,4.874,13.053,0.728,0.282,1.927,1.005,1.234,0.354,1.185,0.469,0.709,2.779,0.596,0.344,2.888,2.274,2.4188142
2006-01-29,6.036,10.333,12.252,2.058,4.643,2.52,0.385,1.26,1.007,0.705,1.499,0.349,3.802,0.342,0.792,0.497,0.243,0.653,0.941,0.616,5.542,0.93,0.687,3.004,0.579,0.642,1.988,2.204,0.247,5.003,14.199,0.714,0.296,2.04,0.984,1.168,0.379,1.155,0.511,0.743,2.663,0.661,0.361,2.964,2.218,2.5275221
2006-02-05,6.255,10.996,13.164,2.192,4.75,2.501,0.434,1.388,1.229,0.756,1.573,0.43,4.141,0.385,0.866,0.557,0.279,0.68,0.935,0.699,5.752,0.812,0.786,3.287,0.608,0.612,2.134,2.255,0.22,5.22,14.525,0.774,0.3,2.001,0.926,1.285,0.393,1.134,0.53,0.783,2.937,0.571,0.395,2.948,2.225,2.6495376
2006-02-12,6.905,11.3,13.624,2.214,5.208,2.81,0.418,1.587,1.261,0.88,1.634,0.438,4.558,0.387,0.788,0.553,0.278,0.838,0.893,0.69,5.827,0.766,0.869,3.103,0.647,0.639,2.173,2.108,0.277,5.216,14.498,0.804,0.317,1.983,1.033,1.118,0.405,1.322,0.559,0.743,3.075,0.541,0.407,3.135,2.321,3.1293533
2006-02-19,7.21,11.622,13.771,2.246,5.592,2.788,0.505,1.629,1.362,0.946,1.695,0.444,4.468,0.466,0.856,0.608,0.315,1.081,0.968,0.696,5.888,0.842,0.861,3.23,0.653,0.696,2.067,2.273,0.323,5.498,14.317,0.764,0.344,2.074,1.112,1.284,0.424,1.366,0.541,0.784,3.143,0.501,0.443,3.247,2.403,3.1244195
2006-02-26,7.129,11.706,14.217,2.258,5.645,2.876,0.498,1.559,1.342,0.93,1.686,0.486,4.641,0.406,0.79,0.614,0.306,1.064,1.003,0.731,5.687,0.796,0.864,3.348,0.671,0.683,2.131,2.188,0.339,5.398,15.273,0.779,0.32,1.978,1.016,1.209,0.43,1.294,0.576,0.779,3.101,0.428,0.419,3.061,2.324,3.1309912
2006-03-05,6.385,11.733,13.637,2.133,5.358,2.909,0.482,1.512,1.29,0.861,1.703,0.441,4.509,0.444,0.704,0.61,0.284,1.129,0.915,0.711,5.746,0.79,0.864,3.266,0.662,0.583,2.056,2.059,0.306,5.246,14.994,0.843,0.296,1.814,1.063,1.124,0.396,1.2,0.574,0.726,3.042,0.4,0.381,3.174,2.255,3.0826094
2006-03-12,5.297,10.797,12.998,1.965,4.632,2.737,0.461,1.475,1.252,0.694,1.576,0.374,4.062,0.428,0.628,0.513,0.243,0.966,0.892,0.63,5.673,0.842,0.766,3.093,0.64,0.567,2.077,1.886,0.262,4.908,14.848,0.668,0.27,1.655,0.898,1.06,0.366,1.188,0.547,0.676,2.918,0.384,0.374,3.037,2.063,2.6443067
2006-03-19,4.827,10.356,12.597,1.891,4.3,3.018,0.412,1.234,1.168,0.649,1.573,0.323,3.987,0.429,0.678,0.543,0.196,0.798,0.927,0.626,5.745,0.781,0.74,2.915,0.57,0.537,2.065,1.942,0.23,4.923,14.713,0.678,0.209,1.639,0.923,1.186,0.343,1.165,0.497,0.663,2.905,0.384,0.364,3.03,2.065,2.4229453
2006-03-26,4.498,10.221,11.9,1.792,4.051,2.794,0.382,1.222,1.174,0.574,1.455,0.306,3.904,0.353,0.642,0.467,0.217,0.739,0.868,0.542,5.714,0.777,0.707,2.848,0.593,0.481,2.046,1.804,0.219,4.862,14.447,0.677,0.206,1.635,0.928,0.982,0.323,1.103,0.498,0.617,2.807,0.281,0.337,2.992,1.977,2.3114059
2006-04-02,3.528,9.162,11.311,1.573,3.221,2.378,0.291,1.138,1.048,0.461,1.298,0.259,3.353,0.31,0.564,0.375,0.156,0.487,0.842,0.53,5.431,0.743,0.746,2.546,0.543,0.423,1.889,1.73,0.145,4.443,13.928,0.678,0.149,1.555,0.856,0.934,0.338,1.022,0.458,0.586,2.764,0.282,0.328,2.862,1.88,1.8638322
2006-04-09,2.874,8.072,9.604,1.371,2.692,2.32,0.29,1.002,0.928,0.395,1.16,0.213,2.793,0.342,0.537,0.315,0.134,0.355,0.774,0.469,5.293,0.705,0.591,2.326,0.455,0.389,1.87,1.503,0.087,4.197,12.665,0.581,0.118,1.415,0.838,0.755,0.259,0.999,0.401,0.499,2.633,0.222,0.289,2.675,1.724,1.449435
2006-04-16,2.408,7.455,8.939,1.242,2.346,2.341,0.177,0.801,0.759,0.279,1.048,0.168,2.468,0.257,0.461,0.235,0.115,0.211,0.697,0.484,4.912,0.686,0.551,2.113,0.395,0.308,1.637,1.412,0.111,3.924,12.326,0.522,0.091,1.292,0.73,0.728,0.254,0.938,0.353,0.475,2.362,0.215,0.255,2.612,1.618,1.302273
2006-04-23,2.077,7.055,8.97,1.077,2.25,2.03,0.175,0.841,0.741,0.253,0.958,0.156,2.795,0.24,0.422,0.236,0.087,0.172,0.744,0.414,4.931,0.76,0.582,2.059,0.396,0.285,1.523,1.319,0.096,3.789,12.048,0.482,0.09,1.333,0.702,0.804,0.271,0.919,0.356,0.443,2.245,0.166,0.258,2.396,1.759,1.1345888
2006-04-30,1.989,6.728,8.57,1.042,2.185,2.083,0.132,0.77,0.65,0.233,0.988,0.128,2.798,0.258,0.452,0.218,0.104,0.131,0.719,0.401,4.865,0.67,0.542,1.91,0.385,0.331,1.575,1.252,0.081,3.745,11.992,0.469,0.097,1.247,0.663,0.698,0.251,0.844,0.341,0.461,2.304,0.16,0.222,2.384,1.608,1.0625517
2006-05-07,1.724,6.732,8.489,0.986,2.259,1.977,0.145,0.713,0.603,0.223,0.996,0.14,2.481,0.227,0.43,0.232,0.094,0.112,0.674,0.397,4.693,0.74,0.489,1.855,0.353,0.307,1.499,1.204,0.087,3.562,11.804,0.447,0.085,1.205,0.663,0.692,0.221,0.89,0.379,0.455,2.221,0.166,0.252,2.451,1.557,1.0342842
2006-05-14,1.649,6.511,7.92,0.91,2.115,1.991,0.148,0.737,0.583,0.226,0.928,0.138,2.173,0.218,0.416,0.193,0.096,0.092,0.662,0.405,4.852,0.685,0.505,1.824,0.362,0.253,1.501,1.179,0.086,3.653,11.526,0.439,0.087,1.257,0.647,0.7,0.252,0.85,0.336,0.421,2.296,0.146,0.195,2.464,1.507,1.0179099
2006-05-21,1.522,6.198,7.308,0.925,1.927,1.911,0.085,0.675,0.582,0.217,0.914,0.136,1.802,0.251,0.398,0.17,0.07,0.092,0.649,0.387,5.047,0.714,0.479,1.809,0.33,0.29,1.542,1.167,0.066,3.957,11.335,0.408,0.068,1.216,0.664,0.726,0.226,0.781,0.313,0.459,2.508,0.16,0.238,2.591,1.515,0.91815084
2006-05-28,1.357,5.659,6.898,0.816,1.61,1.983,0.094,0.643,0.525,0.15,0.817,0.138,1.654,0.29,0.37,0.157,0.064,0.069,0.613,0.368,5.024,0.638,0.434,1.636,0.342,0.223,1.351,1.037,0.061,3.485,10.457,0.414,0.06,1.118,0.595,0.543,0.209,0.777,0.333,0.357,2.421,0.161,0.212,2.435,1.505,0.93099034
2006-06-04,1.265,5.25,6.347,0.783,1.338,1.795,0.065,0.56,0.48,0.163,0.812,0.111,1.209,0.241,0.33,0.126,0.067,0.076,0.632,0.345,5.025,0.692,0.352,1.764,0.32,0.239,1.366,1.038,0.048,3.49,9.884,0.462,0.052,1.104,0.593,0.618,0.186,0.788,0.315,0.36,2.263,0.155,0.227,2.465,1.456,0.85729444
2006-06-11,1.257,4.957,6.036,0.755,1.255,1.784,0.068,0.523,0.484,0.157,0.705,0.091,0.914,0.229,0.322,0.101,0.061,0.043,0.585,0.341,4.801,0.611,0.337,1.675,0.34,0.215,1.266,0.967,0.044,3.453,9.336,0.372,0.05,1.106,0.602,0.566,0.201,0.767,0.254,0.359,2.32,0.13,0.204,2.507,1.44,0.7862941
2006-06-18,1.084,4.86,5.711,0.652,1.132,1.729,0.045,0.563,0.433,0.113,0.695,0.087,0.737,0.255,0.336,0.094,0.045,0.059,0.59,0.282,4.835,0.618,0.36,1.618,0.275,0.192,1.231,0.914,0.052,3.183,9.168,0.371,0.06,1.023,0.57,0.546,0.2,0.765,0.254,0.297,2.163,0.109,0.199,2.499,1.461,0.71942639
2006-06-25,1.023,4.494,5.476,0.648,1.053,1.738,0.068,0.489,0.409,0.125,0.693,0.075,0.685,0.217,0.313,0.068,0.054,0.05,0.582,0.29,4.684,0.617,0.305,1.57,0.262,0.198,1.156,0.891,0.042,2.896,8.72,0.367,0.059,1.077,0.558,0.546,0.174,0.667,0.213,0.268,2.209,0.12,0.18,2.496,1.393,0.71886837
2006-07-02,1.192,4.383,5.518,0.634,1.071,1.789,0.064,0.408,0.394,0.12,0.676,0.07,0.627,0.257,0.285,0.054,0.048,0.027,0.602,0.295,4.655,0.64,0.276,1.486,0.245,0.238,1.15,0.814,0.046,2.875,8.511,0.365,0.063,1.089,0.531,0.59,0.164,0.76,0.21,0.264,2.161,0.091,0.156,2.313,1.204,0.77480698
2006-07-09,1.053,4.299,5.474,0.586,1.023,1.785,0.053,0.408,0.383,0.113,0.669,0.085,0.655,0.226,0.278,0.068,0.041,0.032,0.584,0.282,4.53,0.646,0.261,1.494,0.247,0.187,1.061,0.871,0.038,2.958,8.096,0.318,0.055,1.04,0.514,0.538,0.176,0.661,0.228,0.27,2.192,0.089,0.18,2.332,1.327,0.76598024
2006-07-16,1.008,4.096,5.246,0.558,0.95,1.761,0.044,0.423,0.352,0.116,0.647,0.073,0.66,0.205,0.262,0.055,0.032,0.039,0.638,0.267,4.628,0.649,0.267,1.446,0.218,0.143,0.992,0.851,0.038,2.588,7.657,0.371,0.032,1.054,0.498,0.527,0.169,0.657,0.21,0.239,2.015,0.1,0.164,2.186,1.286,0.64280885
2006-07-23,0.948,3.865,5.054,0.545,0.962,1.79,0.053,0.405,0.377,0.116,0.608,0.066,0.637,0.264,0.294,0.061,0.039,0.052,0.609,0.272,4.606,0.653,0.254,1.497,0.21,0.184,1.027,0.895,0.034,2.598,7.877,0.36,0.044,0.964,0.507,0.524,0.162,0.655,0.207,0.256,2.125,0.108,0.163,2.263,1.351,0.62203276
2006-07-30,0.997,3.827,5.069,0.519,0.947,1.727,0.054,0.403,0.31,0.108,0.648,0.073,0.613,0.225,0.294,0.081,0.038,0.033,0.582,0.263,4.667,0.58,0.235,1.519,0.204,0.157,1.025,0.872,0.03,2.616,7.582,0.333,0.046,1.061,0.449,0.541,0.189,0.619,0.218,0.263,1.996,0.098,0.162,2.332,1.244,0.61632591
2006-08-06,0.952,3.902,5.25,0.572,0.986,1.76,0.03,0.383,0.362,0.096,0.641,0.092,0.588,0.204,0.303,0.068,0.039,0.035,0.643,0.261,4.742,0.612,0.234,1.478,0.198,0.168,1.043,0.932,0.027,2.805,7.676,0.335,0.054,1.05,0.519,0.503,0.16,0.63,0.211,0.268,2.097,0.114,0.154,2.269,1.23,0.68569356
2006-08-13,1.032,4.084,5.495,0.676,1.115,1.824,0.055,0.47,0.357,0.115,0.697,0.061,0.607,0.2,0.328,0.088,0.041,0.034,0.605,0.292,4.723,0.576,0.236,1.538,0.22,0.173,1.041,1.023,0.041,2.751,7.65,0.356,0.066,1.053,0.494,0.595,0.183,0.671,0.198,0.297,2.114,0.119,0.171,2.274,1.318,0.62269735
2006-08-20,1.093,4.282,5.633,0.635,1.096,1.805,0.059,0.418,0.365,0.119,0.718,0.074,0.728,0.218,0.376,0.084,0.034,0.043,0.693,0.305,4.574,0.59,0.256,1.678,0.248,0.21,1.082,1.011,0.047,2.843,7.699,0.376,0.044,1.131,0.55,0.538,0.188,0.652,0.235,0.32,2.085,0.134,0.172,2.313,1.508,0.61181724
2006-08-27,1.12,4.524,5.867,0.66,1.184,1.748,0.059,0.472,0.416,0.154,0.757,0.074,1.497,0.188,0.364,0.095,0.168,0.024,0.731,0.283,4.509,0.6,0.267,1.638,0.259,0.238,1.097,1.18,0.062,3.083,8.085,0.405,0.07,1.109,0.55,0.533,0.228,0.695,0.232,0.356,2.168,0.141,0.17,2.337,1.452,0.63883054
2006-09-03,1.275,4.999,6.449,0.786,1.336,1.983,0.064,0.586,0.466,0.19,0.805,0.085,2.179,0.198,0.513,0.143,0.103,0.039,0.798,0.327,4.778,0.638,0.318,1.709,0.308,0.266,1.204,1.41,0.06,3.227,8.41,0.424,0.056,1.289,0.56,0.589,0.207,0.735,0.292,0.475,2.212,0.133,0.205,2.41,1.471,0.80662715
2006-09-10,1.626,6.072,7.465,0.865,1.689,1.996,0.089,0.583,0.585,0.192,0.898,0.132,2.13,0.197,0.625,0.178,0.112,0.045,0.863,0.392,4.632,0.649,0.394,1.961,0.35,0.348,1.354,1.757,0.065,3.512,9.174,0.502,0.078,1.459,0.642,0.676,0.265,0.784,0.328,0.59,2.151,0.206,0.238,2.44,1.662,0.76244837
2006-09-17,2.011,7.16,8.579,1.124,1.994,2.079,0.109,0.745,0.744,0.253,1.095,0.124,2.162,0.22,0.706,0.245,0.114,0.096,0.942,0.438,5.152,0.684,0.456,2.272,0.417,0.416,1.52,2.022,0.067,3.787,9.932,0.525,0.092,1.735,0.676,0.732,0.27,0.868,0.4,0.709,2.233,0.264,0.298,2.587,1.683,0.81340629
2006-09-24,2.337,7.636,9.151,1.106,2.226,2.03,0.115,0.777,0.765,0.297,1.168,0.15,2.359,0.212,0.67,0.229,0.087,0.077,0.855,0.447,4.964,0.641,0.513,2.45,0.464,0.389,1.549,2.134,0.085,3.917,9.832,0.564,0.114,1.877,0.731,0.715,0.266,0.834,0.447,0.708,2.397,0.262,0.316,2.772,1.8,0.8079344
2006-10-01,2.716,7.456,9.495,1.125,2.79,2.036,0.146,0.791,0.815,0.357,1.153,0.15,2.472,0.23,0.637,0.253,0.134,0.058,0.824,0.507,4.895,0.622,0.476,2.572,0.437,0.404,1.597,1.914,0.099,3.735,9.779,0.534,0.128,1.766,0.746,0.681,0.291,0.853,0.44,0.642,2.455,0.287,0.293,2.768,1.773,1.1538391
2006-10-08,2.957,7.474,9.77,1.251,2.779,1.996,0.147,0.845,0.818,0.353,1.142,0.164,2.514,0.187,0.635,0.287,0.135,0.11,0.806,0.478,5.033,0.661,0.513,2.631,0.434,0.509,1.521,1.829,0.09,3.615,9.971,0.586,0.143,1.809,0.824,0.676,0.286,0.891,0.377,0.595,2.392,0.353,0.345,2.652,1.724,1.1481882
2006-10-15,3.442,7.452,10.157,1.252,3.131,1.908,0.158,0.776,0.999,0.42,1.247,0.197,2.755,0.184,0.675,0.313,0.109,0.097,0.75,0.519,4.918,0.644,0.658,2.716,0.419,0.561,1.557,1.895,0.114,3.659,9.943,0.537,0.153,1.924,0.811,0.644,0.288,0.897,0.374,0.614,2.406,0.319,0.312,2.644,1.75,1.2273599
2006-10-22,4.272,7.918,11.029,1.354,3.704,1.967,0.218,0.837,1.008,0.49,1.294,0.237,3.022,0.198,0.692,0.401,0.155,0.098,0.772,0.509,4.917,0.665,0.585,2.84,0.462,0.56,1.682,1.985,0.128,3.696,10.282,0.584,0.208,1.908,0.833,0.764,0.329,0.882,0.394,0.635,2.509,0.348,0.306,2.592,1.872,1.2174439
2006-10-29,4.902,8.416,11.644,1.567,4.02,2.028,0.228,1.042,0.986,0.523,1.357,0.269,3.247,0.205,0.785,0.423,0.168,0.1,0.766,0.542,5.073,0.683,0.528,3.008,0.459,0.577,1.866,2.101,0.15,4.001,11.176,0.647,0.219,1.994,0.856,0.81,0.34,0.993,0.432,0.646,2.617,0.39,0.373,2.641,1.951,1.328132
2006-11-05,5.149,8.884,11.804,1.555,4.023,2.046,0.258,1.023,1.035,0.602,1.372,0.311,3.1,0.227,0.804,0.451,0.144,0.131,0.807,0.604,5.116,0.676,0.596,3.163,0.497,0.542,1.913,2.097,0.157,4.04,11.218,0.633,0.244,2.052,0.869,0.687,0.287,0.992,0.439,0.644,2.803,0.395,0.372,2.725,2.05,1.4775411
2006-11-12,5.636,9.336,12.274,1.688,4.23,2.151,0.238,1.044,1.065,0.669,1.438,0.31,3.28,0.225,0.824,0.475,0.181,0.115,0.811,0.626,5.23,0.659,0.591,3.312,0.535,0.808,2.002,2.252,0.165,3.936,11.561,0.654,0.258,2.006,0.942,0.737,0.348,1.04,0.477,0.711,2.769,0.411,0.371,2.729,1.902,1.5339011
2006-11-19,4.951,8.272,10.493,1.58,3.601,1.86,0.231,0.93,1.045,0.564,1.281,0.256,2.609,0.212,0.76,0.348,0.177,0.164,0.686,0.52,5.368,0.597,0.574,2.811,0.471,0.605,1.895,1.951,0.173,4.059,10.483,0.604,0.243,1.923,0.988,0.746,0.309,1.079,0.41,0.652,2.915,0.4,0.349,2.778,1.919,1.9126941
2006-11-26,6.291,9.859,12.591,1.924,4.746,2.063,0.286,1.142,1.233,0.676,1.504,0.327,3.256,0.235,0.99,0.503,0.201,0.155,0.846,0.591,5.579,0.678,0.654,3.286,0.532,0.703,2.082,2.496,0.196,4.459,12.001,0.71,0.294,2.152,1.029,0.753,0.389,1.133,0.512,0.781,2.787,0.473,0.416,2.702,2.077,1.8379993
2006-12-03,6.16,9.673,12.522,1.813,4.663,2.121,0.261,1.126,1.118,0.709,1.504,0.328,3.521,0.212,0.94,0.567,0.235,0.169,0.811,0.622,5.385,0.644,0.603,3.363,0.544,0.714,2.043,2.381,0.213,4.688,12.144,0.729,0.3,2.201,0.951,0.855,0.348,1.113,0.517,0.819,2.769,0.451,0.411,2.786,2.128,1.9537557
2006-12-10,6.847,9.675,12.435,1.8,5.078,2.271,0.3,1.08,1.177,0.817,1.473,0.391,3.278,0.259,0.975,0.595,0.221,0.259,0.883,0.622,5.483,0.655,0.603,3.429,0.549,0.726,2.274,2.405,0.199,4.65,12.845,0.739,0.343,2.243,1.061,0.773,0.362,1.129,0.484,0.786,2.972,0.465,0.42,3.047,1.982,2.4040747
2006-12-17,7.642,10.425,12.771,2.059,5.573,2.309,0.319,1.209,1.304,0.823,1.629,0.397,2.81,0.31,1.105,0.601,0.27,0.317,0.839,0.716,6.447,0.713,0.657,3.747,0.587,0.789,2.577,2.439,0.313,5.413,13.435,0.721,0.368,2.474,1.175,0.839,0.421,1.247,0.564,0.807,3.587,0.526,0.521,3.505,2.32,2.8745267
2006-12-24,8.237,10.947,16.015,3.028,6.169,2.376,0.349,1.699,1.434,0.8,1.9,0.426,2.309,0.281,1.282,0.502,0.359,0.333,0.858,0.837,6.836,0.591,0.696,4.212,0.64,0.855,2.45,2.593,0.393,6.28,12.925,0.847,0.389,2.611,1.377,0.957,0.518,1.524,0.584,0.848,3.838,0.731,0.545,3.565,2.677,3.0259678
2006-12-31,7.791,12.377,15.392,2.747,6.063,2.299,0.38,1.607,1.53,0.779,1.926,0.392,2.882,0.273,1.227,0.52,0.311,0.263,0.913,0.856,6.657,0.631,0.809,6.743,0.728,0.869,2.556,2.794,0.325,7.144,14.061,0.894,0.356,2.601,1.291,1.048,0.477,1.452,0.653,0.933,3.696,0.731,0.529,3.607,2.694,2.3781703
2007-01-07,6.314,10.754,14.025,2.172,5.428,2.343,0.288,1.343,1.276,0.69,1.727,0.357,3.105,0.242,0.989,0.6,0.229,0.287,0.902,0.716,6.232,0.648,0.668,4.475,0.606,0.738,2.316,2.48,0.289,5.899,13.029,0.773,0.29,2.458,1.155,0.996,0.396,1.308,0.525,0.818,3.299,0.677,0.445,3.539,2.457,2.0923228
2007-01-14,5.54,9.494,12.968,2.014,4.91,2.413,0.255,1.221,1.116,0.625,1.614,0.311,3.033,0.29,0.829,0.531,0.258,0.385,0.86,0.663,5.752,0.663,0.585,3.744,0.54,0.678,2.164,2.185,0.28,5.11,11.786,0.695,0.235,2.26,1.04,0.97,0.357,1.193,0.527,0.674,3.136,0.583,0.352,3.263,2.104,2.2939591
2007-01-21,6.124,10.093,13.451,2.007,5.555,2.668,0.343,1.222,1.126,0.686,1.584,0.354,3.828,0.357,0.88,0.589,0.272,0.705,0.956,0.678,5.947,0.709,0.632,3.785,0.577,0.693,2.442,2.303,0.266,5.236,13.324,0.712,0.27,2.263,1.019,1.071,0.383,1.126,0.509,0.757,3.356,0.695,0.406,3.339,2.198,2.7450092
2007-01-28,6.494,10.557,14.504,2.191,6.037,2.897,0.48,1.234,1.228,0.748,1.733,0.382,4.436,0.396,1.018,0.619,0.309,0.996,1.007,0.687,5.971,0.699,0.665,3.831,0.602,0.719,2.732,2.486,0.27,5.388,14.723,0.823,0.311,2.327,1.101,1.028,0.424,1.172,0.519,0.791,3.353,0.623,0.411,3.193,2.268,3.0443397
2007-02-04,7.789,11.548,15.455,2.456,6.891,3.231,0.514,1.468,1.318,0.846,1.864,0.5,5.148,0.457,1.105,0.732,0.355,1.347,1.064,0.746,6.149,0.743,0.741,4.176,0.668,0.851,2.985,2.603,0.334,5.79,15.159,0.903,0.4,2.362,1.124,1.079,0.415,1.264,0.593,0.864,3.587,0.575,0.485,3.263,2.413,3.4999869
2007-02-11,8.333,11.384,15.068,2.367,7.402,3.339,0.641,1.472,1.381,0.882,1.781,0.549,5.26,0.465,0.996,0.793,0.389,1.53,1.089,0.713,6.22,0.713,0.709,4.025,0.642,0.809,2.747,2.595,0.324,5.677,14.484,0.823,0.404,2.361,1.178,1.058,0.428,1.197,0.574,0.849,3.581,0.627,0.47,3.32,2.274,3.5785096
2007-02-18,8.084,11.63,15.007,2.51,6.964,3.466,0.577,1.473,1.407,0.892,1.771,0.518,5.209,0.475,0.945,0.682,0.36,1.243,1.064,0.674,6.275,0.696,0.745,3.969,0.646,0.797,2.808,2.556,0.353,5.886,14.594,0.933,0.376,2.336,1.195,1.069,0.442,1.302,0.618,0.862,3.699,0.571,0.469,3.228,2.387,3.2897861
2007-02-25,6.841,11.734,15.764,2.555,6.158,4.025,0.503,1.399,1.381,0.798,1.742,0.43,4.785,0.391,0.848,0.678,0.344,0.99,1.05,0.718,6.063,0.685,0.775,3.901,0.65,0.702,2.766,2.277,0.307,5.557,14.401,0.864,0.287,2.139,1.147,0.963,0.426,1.249,0.59,0.803,3.492,0.506,0.443,3.257,2.188,2.8914917
2007-03-04,5.899,11.175,14.421,2.351,5.43,3.475,0.448,1.362,1.31,0.669,1.654,0.378,4.261,0.413,0.823,0.604,0.286,0.821,1.007,0.649,5.911,0.722,0.682,3.715,0.605,0.624,2.599,2.081,0.254,5.53,14.107,0.847,0.275,1.996,1.057,1.024,0.385,1.155,0.572,0.711,3.266,0.452,0.436,3.309,2.067,2.6207476
2007-03-11,4.758,10.53,13.317,2.136,4.604,3.14,0.38,1.214,1.2,0.546,1.519,0.286,3.704,0.428,0.687,0.515,0.26,0.699,0.953,0.626,6.106,0.697,0.644,3.44,0.571,0.493,2.65,1.804,0.224,5.1,13.485,0.79,0.23,1.821,1.037,0.786,0.351,1.219,0.537,0.658,3.136,0.335,0.446,3.147,1.898,2.5338712
2007-03-18,4.267,10.34,13.105,1.982,3.981,2.808,0.338,1.1,1.135,0.433,1.468,0.268,3.534,0.362,0.695,0.479,0.22,0.603,0.88,0.57,5.924,0.684,0.626,3.183,0.581,0.495,2.764,1.822,0.203,5.09,13.604,0.781,0.215,1.81,0.973,0.773,0.345,1.128,0.505,0.602,3.084,0.341,0.457,3.131,1.876,2.0725126
2007-03-25,3.34,9.276,12.199,1.662,3.302,2.68,0.265,0.952,1.015,0.395,1.279,0.229,3.19,0.312,0.565,0.362,0.17,0.426,0.874,0.521,5.735,0.674,0.563,2.96,0.52,0.406,2.396,1.644,0.126,4.563,12.918,0.734,0.146,1.721,0.93,0.711,0.292,1.141,0.445,0.56,2.848,0.217,0.395,2.892,1.782,1.8708438
2007-04-01,2.794,8.301,10.71,1.597,2.729,2.411,0.212,0.83,0.986,0.317,1.268,0.202,2.552,0.28,0.558,0.3,0.115,0.382,0.757,0.469,6.049,0.67,0.478,2.739,0.448,0.38,2.159,1.568,0.117,4.581,12.261,0.611,0.122,1.61,0.873,0.761,0.294,1.097,0.401,0.531,2.761,0.213,0.382,2.766,1.714,1.4004214
2007-04-08,2.733,8.064,11.022,1.55,2.701,2.49,0.207,0.867,0.974,0.294,1.179,0.209,2.55,0.24,0.642,0.306,0.115,0.298,0.787,0.525,5.766,0.666,0.473,2.641,0.442,0.397,2.289,1.675,0.117,4.989,12.544,0.698,0.117,1.6,0.898,0.775,0.274,1.004,0.4,0.552,2.839,0.241,0.352,2.799,1.811,1.4688737
2007-04-15,2.32,7.923,10.611,1.354,2.295,2.466,0.151,0.821,0.847,0.266,1.16,0.154,2.582,0.261,0.553,0.294,0.102,0.236,0.782,0.476,5.524,0.649,0.462,2.475,0.422,0.346,2.238,1.466,0.092,4.494,12.079,0.633,0.115,1.599,0.83,0.673,0.243,1.047,0.37,0.499,2.667,0.199,0.344,2.779,1.731,1.1551366
2007-04-22,1.833,7.543,10.263,1.144,2.053,2.323,0.13,0.733,0.822,0.223,1.082,0.126,2.688,0.244,0.48,0.262,0.089,0.185,0.754,0.463,5.283,0.641,0.426,2.43,0.431,0.279,2.121,1.364,0.076,4.293,12.064,0.554,0.089,1.446,0.78,0.548,0.263,0.929,0.358,0.454,2.338,0.164,0.3,2.666,1.635,1.0790126
2007-04-29,1.496,7.058,9.661,1.046,1.821,2.252,0.117,0.63,0.796,0.183,0.962,0.117,2.443,0.244,0.495,0.241,0.064,0.11,0.69,0.421,5.0,0.552,0.377,2.164,0.397,0.25,2.098,1.28,0.08,4.107,11.758,0.573,0.076,1.324,0.704,0.511,0.247,0.897,0.325,0.43,2.347,0.146,0.304,2.508,1.546,0.98491949
2007-05-06,1.394,6.682,8.943,0.959,1.665,2.223,0.131,0.586,0.724,0.154,0.943,0.11,2.256,0.235,0.396,0.236,0.085,0.09,0.695,0.387,5.025,0.58,0.379,1.986,0.345,0.23,1.976,1.215,0.062,4.038,11.231,0.521,0.071,1.377,0.705,0.484,0.213,0.839,0.311,0.405,2.19,0.131,0.26,2.466,1.488,1.0332477
2007-05-13,1.29,6.681,8.465,0.934,1.443,2.104,0.101,0.619,0.697,0.163,0.901,0.096,2.078,0.215,0.399,0.225,0.066,0.095,0.714,0.349,5.042,0.594,0.373,2.019,0.358,0.226,1.978,1.136,0.042,3.937,11.268,0.483,0.069,1.295,0.712,0.521,0.22,0.845,0.323,0.411,1.903,0.126,0.249,2.578,1.421,0.92664951
2007-05-20,1.194,6.164,7.864,0.849,1.41,2.022,0.072,0.549,0.673,0.136,0.864,0.085,1.625,0.246,0.377,0.198,0.054,0.066,0.659,0.354,5.042,0.602,0.348,2.002,0.337,0.218,1.932,1.139,0.048,3.912,10.953,0.509,0.054,1.212,0.68,0.5,0.199,0.838,0.302,0.365,1.717,0.125,0.265,2.591,1.434,0.92010039
2007-05-27,1.128,6.005,7.805,0.939,1.311,2.085,0.078,0.581,0.681,0.122,0.857,0.08,1.279,0.262,0.373,0.161,0.042,0.067,0.588,0.364,5.03,0.572,0.378,1.988,0.344,0.198,1.912,1.056,0.056,3.754,10.396,0.542,0.064,1.276,0.647,0.469,0.206,0.778,0.27,0.334,1.638,0.107,0.267,2.39,1.424,0.95409405
2007-06-03,1.063,5.731,7.218,0.808,1.177,1.893,0.058,0.603,0.634,0.112,0.813,0.081,1.199,0.224,0.336,0.128,0.051,0.059,0.618,0.344,4.997,0.568,0.307,1.982,0.301,0.21,1.72,1.036,0.051,3.566,9.675,0.486,0.053,1.14,0.698,0.441,0.207,0.778,0.28,0.294,1.518,0.114,0.257,2.519,1.345,0.76327801
2007-06-10,1.026,5.108,6.561,0.835,1.052,2.066,0.059,0.475,0.571,0.108,0.696,0.06,0.947,0.207,0.334,0.099,0.041,0.059,0.581,0.321,4.882,0.535,0.286,1.829,0.255,0.178,1.73,0.952,0.053,3.253,8.976,0.431,0.056,1.094,0.616,0.457,0.183,0.798,0.248,0.299,1.364,0.104,0.218,2.508,1.242,0.81722003
2007-06-17,0.936,4.809,6.287,0.759,1.01,2.015,0.054,0.469,0.526,0.117,0.73,0.071,0.787,0.237,0.291,0.109,0.033,0.054,0.611,0.313,4.866,0.561,0.272,1.72,0.262,0.168,1.561,0.948,0.026,3.117,8.596,0.409,0.049,1.147,0.633,0.463,0.186,0.724,0.236,0.246,1.333,0.092,0.235,2.487,1.323,0.76458609
2007-06-24,0.973,4.566,6.021,0.682,1.005,1.885,0.049,0.416,0.529,0.12,0.692,0.07,0.745,0.232,0.261,0.076,0.038,0.044,0.564,0.288,4.753,0.563,0.237,1.647,0.267,0.187,1.488,0.923,0.039,3.06,8.285,0.412,0.049,1.081,0.671,0.435,0.163,0.734,0.23,0.29,1.319,0.09,0.207,2.411,1.302,0.79312706
2007-07-01,0.922,4.148,5.735,0.68,0.947,1.905,0.045,0.382,0.496,0.099,0.695,0.066,0.603,0.233,0.255,0.077,0.036,0.052,0.565,0.236,4.69,0.545,0.234,1.534,0.19,0.17,1.432,0.828,0.039,2.9,7.824,0.38,0.052,1.039,0.55,0.417,0.156,0.714,0.198,0.251,1.315,0.101,0.174,2.296,1.228,0.6690895
2007-07-08,0.882,4.324,5.878,0.665,1.021,1.884,0.052,0.398,0.47,0.109,0.671,0.056,0.665,0.214,0.294,0.091,0.046,0.031,0.579,0.269,4.571,0.566,0.229,1.562,0.218,0.16,1.382,0.886,0.042,2.751,7.767,0.379,0.037,1.01,0.533,0.45,0.161,0.695,0.227,0.246,1.247,0.089,0.196,2.276,1.295,0.62115043
2007-07-15,0.927,4.226,5.879,0.662,0.946,1.853,0.04,0.38,0.439,0.127,0.685,0.068,0.679,0.221,0.262,0.069,0.032,0.024,0.619,0.294,4.703,0.555,0.235,1.524,0.202,0.187,1.328,0.912,0.034,2.722,7.403,0.364,0.043,1.03,0.532,0.417,0.15,0.664,0.201,0.264,1.177,0.092,0.183,2.255,1.233,0.60365903
2007-07-22,0.928,4.024,6.047,0.639,0.914,1.92,0.043,0.387,0.411,0.107,0.678,0.069,0.647,0.224,0.239,0.078,0.03,0.04,0.585,0.277,4.621,0.566,0.218,1.573,0.205,0.161,1.331,0.895,0.047,2.693,7.15,0.389,0.041,0.992,0.549,0.417,0.165,0.679,0.199,0.232,1.182,0.085,0.188,2.295,1.165,0.64905852
2007-07-29,0.881,4.07,5.874,0.632,0.975,1.956,0.049,0.392,0.419,0.103,0.673,0.078,0.639,0.214,0.312,0.066,0.024,0.043,0.604,0.266,4.614,0.75,0.25,1.58,0.224,0.177,1.393,0.886,0.042,2.704,6.847,0.402,0.049,1.022,0.562,0.425,0.163,0.685,0.195,0.243,1.139,0.103,0.206,2.354,1.17,0.56833833
2007-08-05,0.922,4.143,5.734,0.648,0.909,1.966,0.048,0.387,0.416,0.109,0.675,0.075,0.615,0.21,0.307,0.082,0.039,0.069,0.612,0.272,4.782,0.586,0.246,1.643,0.235,0.161,1.268,0.943,0.034,2.713,6.884,0.391,0.052,1.04,0.574,0.43,0.169,0.728,0.213,0.258,1.187,0.088,0.205,2.3,1.212,0.651546
2007-08-12,0.993,4.445,6.165,0.695,1.043,1.935,0.053,0.392,0.483,0.13,0.729,0.077,0.634,0.208,0.331,0.076,0.052,0.067,0.625,0.268,4.755,0.573,0.235,1.649,0.242,0.196,1.421,0.954,0.045,2.977,6.98,0.397,0.054,1.109,0.597,0.437,0.175,0.715,0.207,0.248,1.135,0.122,0.185,2.279,1.19,0.65217572
2007-08-19,1.043,4.692,6.264,0.72,1.141,1.988,0.048,0.434,0.465,0.126,0.722,0.072,0.762,0.199,0.346,0.107,0.05,0.048,0.656,0.262,4.73,0.581,0.232,1.634,0.218,0.222,1.323,1.057,0.051,2.782,6.907,0.428,0.046,1.137,0.578,0.451,0.176,0.724,0.275,0.302,1.229,0.138,0.233,2.288,1.285,0.80384851
2007-08-26,1.044,5.159,6.795,0.776,1.191,1.978,0.043,0.461,0.544,0.135,0.784,0.081,0.943,0.215,0.44,0.102,0.078,0.042,0.746,0.322,4.816,0.549,0.269,1.785,0.268,0.227,1.448,1.201,0.054,3.176,7.367,0.452,0.056,1.167,0.645,0.45,0.19,0.712,0.272,0.353,1.188,0.134,0.303,2.391,1.377,0.78745824
2007-09-02,1.223,5.715,7.332,0.852,1.417,2.197,0.065,0.518,0.56,0.166,0.876,0.092,1.043,0.234,0.508,0.127,0.076,0.063,0.774,0.333,4.853,0.559,0.301,1.927,0.323,0.264,1.513,1.343,0.067,3.515,7.853,0.503,0.067,1.311,0.687,0.486,0.215,0.775,0.29,0.437,1.228,0.177,0.312,2.297,1.521,0.9432627
2007-09-09,1.474,6.424,8.197,0.876,1.643,2.143,0.071,0.597,0.608,0.171,0.926,0.105,1.36,0.227,0.592,0.156,0.12,0.06,0.852,0.384,4.765,0.597,0.355,2.054,0.337,0.317,1.559,1.644,0.067,3.594,8.363,0.547,0.08,1.411,0.697,0.521,0.215,0.82,0.342,0.486,1.226,0.205,0.371,2.557,1.72,0.9469319
2007-09-16,1.681,7.196,8.962,0.964,1.971,2.251,0.088,0.632,0.655,0.208,1.044,0.127,1.614,0.225,0.705,0.203,0.09,0.072,0.862,0.395,5.023,0.592,0.381,2.238,0.383,0.403,1.649,1.87,0.058,4.038,8.821,0.615,0.086,1.581,0.742,0.567,0.23,0.846,0.369,0.621,1.318,0.233,0.383,2.545,1.6,0.9871456
2007-09-23,1.895,7.544,9.465,1.046,2.295,2.214,0.096,0.7,0.714,0.243,1.081,0.138,1.8,0.217,0.643,0.249,0.103,0.073,0.847,0.417,5.058,0.612,0.425,2.417,0.406,0.365,1.743,1.809,0.079,3.99,9.054,0.621,0.099,1.697,0.827,0.545,0.237,0.929,0.397,0.616,1.218,0.211,0.399,2.647,1.684,1.0520648
2007-09-30,2.348,7.988,10.381,1.131,2.659,2.352,0.118,0.76,0.702,0.268,1.176,0.145,2.227,0.232,0.608,0.227,0.091,0.078,0.842,0.45,5.031,0.621,0.444,2.663,0.444,0.4,1.766,1.753,0.083,3.981,9.618,0.646,0.11,1.653,0.836,0.576,0.279,0.937,0.385,0.571,1.294,0.234,0.416,2.691,1.72,0.99518377
2007-10-07,2.659,7.75,10.579,1.168,2.903,2.219,0.112,0.736,0.732,0.328,1.2,0.173,2.246,0.246,0.577,0.286,0.119,0.095,0.795,0.468,4.903,0.636,0.408,2.658,0.42,0.392,1.746,1.67,0.098,3.752,9.508,0.573,0.149,1.877,0.796,0.56,0.279,0.908,0.381,0.5,1.23,0.266,0.409,2.636,1.755,1.2200305
2007-10-14,3.245,7.741,11.249,1.226,3.482,2.356,0.147,0.738,0.744,0.393,1.291,0.209,2.636,0.237,0.648,0.368,0.109,0.092,0.774,0.47,5.018,0.603,0.438,2.773,0.426,0.474,1.828,1.75,0.1,3.732,9.998,0.601,0.149,1.807,0.716,0.619,0.289,0.924,0.377,0.523,1.287,0.283,0.449,2.745,1.671,1.2854782
2007-10-21,3.566,8.178,11.614,1.268,3.481,2.32,0.16,0.783,0.784,0.434,1.35,0.241,2.701,0.226,0.661,0.39,0.122,0.121,0.796,0.492,4.968,0.638,0.437,2.764,0.417,0.472,2.017,1.703,0.102,3.655,10.411,0.603,0.168,1.756,0.76,0.633,0.292,0.938,0.417,0.503,1.18,0.272,0.424,2.633,1.681,1.3775048
2007-10-28,4.209,8.525,12.192,1.434,3.769,2.407,0.184,0.882,0.872,0.485,1.403,0.226,2.789,0.204,0.762,0.409,0.144,0.131,0.788,0.543,5.07,0.683,0.508,3.048,0.448,0.523,2.212,1.789,0.126,3.972,11.044,0.654,0.185,1.982,0.835,0.673,0.332,0.949,0.418,0.545,1.287,0.301,0.448,2.739,1.783,1.4672453
2007-11-04,4.476,9.647,12.853,1.545,3.895,2.436,0.191,0.974,0.974,0.501,1.485,0.277,3.116,0.204,0.79,0.471,0.169,0.101,0.815,0.582,5.27,0.716,0.528,3.312,0.498,0.567,2.298,2.035,0.154,4.372,11.142,0.695,0.214,1.996,0.936,0.718,0.349,1.038,0.469,0.567,1.387,0.385,0.491,2.762,1.886,1.5584059
2007-11-11,4.586,9.983,13.459,1.664,4.18,2.401,0.223,1.025,0.979,0.582,1.549,0.303,3.087,0.231,0.887,0.525,0.189,0.138,0.865,0.601,5.423,0.633,0.546,3.532,0.489,0.513,2.331,2.038,0.141,4.521,11.614,0.726,0.22,1.974,0.917,0.668,0.337,1.071,0.481,0.549,1.34,0.371,0.502,2.874,1.942,1.6195807
2007-11-18,3.923,8.713,11.774,1.636,3.299,2.129,0.168,0.966,0.949,0.455,1.387,0.222,2.266,0.223,0.783,0.397,0.159,0.098,0.714,0.509,5.35,0.56,0.49,3.012,0.443,0.518,2.034,1.706,0.125,4.188,10.332,0.607,0.179,1.813,0.939,0.679,0.348,1.132,0.42,0.522,1.453,0.314,0.477,2.792,1.84,1.8112043
2007-11-25,4.809,10.504,13.897,1.675,4.036,2.329,0.219,1.124,1.1,0.548,1.648,0.28,3.062,0.212,0.986,0.513,0.199,0.125,0.853,0.649,5.577,0.669,0.588,3.372,0.507,0.716,2.263,2.333,0.165,5.103,11.552,0.731,0.253,1.949,1.123,0.728,0.354,1.134,0.514,0.715,1.363,0.373,0.527,3.05,2.093,1.6186471
2007-12-02,4.4,9.665,13.426,1.736,3.926,2.356,0.201,1.08,0.989,0.516,1.605,0.28,3.134,0.247,0.904,0.479,0.201,0.143,0.807,0.603,5.29,0.642,0.518,3.269,0.484,0.636,2.126,2.179,0.182,4.878,11.074,0.706,0.19,1.965,0.991,0.661,0.347,1.156,0.467,0.654,1.316,0.367,0.473,2.856,2.002,1.6212372
2007-12-09,4.37,9.218,13.06,1.806,3.747,2.293,0.217,1.097,0.981,0.513,1.538,0.243,3.029,0.237,0.841,0.461,0.229,0.162,0.783,0.596,5.234,0.647,0.57,3.242,0.473,0.595,2.122,2.026,0.182,4.526,10.843,0.672,0.189,1.965,1.032,0.641,0.338,1.106,0.462,0.589,1.331,0.364,0.466,2.878,1.836,1.6735133
2007-12-16,4.797,9.582,12.971,1.857,3.715,2.267,0.202,1.108,1.113,0.475,1.582,0.275,2.528,0.24,0.992,0.437,0.222,0.212,0.729,0.591,5.69,0.579,0.53,3.381,0.501,0.641,2.32,2.009,0.183,5.279,11.213,0.703,0.227,1.966,1.137,0.634,0.36,1.214,0.476,0.678,1.478,0.442,0.505,3.132,1.951,1.9509571
2007-12-23,5.401,9.922,12.535,2.1,4.1,2.536,0.241,1.297,1.341,0.548,1.475,0.3,1.66,0.312,1.118,0.413,0.285,0.204,0.798,0.583,6.437,0.5,0.653,3.299,0.505,0.704,2.358,2.168,0.283,6.015,11.323,0.765,0.253,2.218,1.311,0.768,0.409,1.357,0.505,0.666,1.712,0.418,0.54,3.229,2.297,2.5001884
2007-12-30,6.298,12.048,15.305,2.547,4.938,2.928,0.257,1.526,1.524,0.578,1.799,0.3,2.378,0.315,1.276,0.502,0.353,0.253,0.966,0.704,6.578,0.615,0.672,4.098,0.599,1.017,2.56,2.679,0.327,7.54,12.094,0.906,0.273,2.478,1.437,0.82,0.465,1.524,0.589,0.847,1.651,0.481,0.63,3.543,2.573,2.4393876
2008-01-06,5.538,12.22,16.733,2.427,5.043,3.001,0.306,1.392,1.397,0.55,1.889,0.323,3.209,0.361,0.917,0.537,0.313,0.376,0.988,0.74,6.206,0.619,0.71,4.181,0.603,0.865,2.317,2.506,0.257,6.332,11.866,0.852,0.263,2.309,1.416,0.769,0.468,1.468,0.648,0.729,1.49,0.475,0.654,3.589,2.32,2.2931912
2008-01-13,5.829,10.916,14.208,2.199,4.948,2.946,0.314,1.241,1.284,0.613,1.723,0.329,3.355,0.399,0.823,0.552,0.359,0.537,0.904,0.649,5.835,0.636,0.584,3.642,0.554,0.813,2.395,2.198,0.241,5.225,11.645,0.838,0.253,2.009,1.213,0.801,0.396,1.362,0.532,0.656,1.367,0.449,0.624,3.286,2.126,2.629066
2008-01-20,7.8,12.443,18.887,3.123,6.296,3.717,0.469,1.692,1.58,0.817,2.234,0.397,3.913,0.486,1.066,0.661,0.519,0.873,1.139,0.829,6.013,0.729,0.715,4.322,0.684,0.967,2.526,2.38,0.347,5.434,12.248,0.933,0.333,2.15,1.294,0.824,0.487,1.393,0.601,0.757,1.374,0.525,0.649,3.342,2.242,3.9296563
2008-01-27,11.48,15.185,19.25,3.599,9.229,4.462,0.752,2.034,2.023,1.202,2.32,0.643,5.757,0.599,1.205,1.023,0.738,1.55,1.326,0.912,6.244,0.856,0.943,4.874,0.876,1.189,3.06,2.611,0.482,5.721,14.456,1.275,0.474,2.444,1.506,0.892,0.531,1.545,0.74,0.892,1.435,0.668,0.733,3.662,2.372,4.9920158
2008-02-03,15.998,16.578,19.478,3.845,12.939,4.82,1.052,2.179,2.239,1.724,2.338,0.848,7.228,0.725,1.327,1.334,1.025,2.191,1.408,0.96,6.697,0.917,1.038,5.071,0.877,1.398,3.414,2.723,0.599,6.003,15.507,1.348,0.651,2.513,1.717,0.912,0.574,1.734,0.827,0.91,1.491,0.79,0.725,3.89,2.486,5.7775955
2008-02-10,17.409,16.72,19.629,3.812,14.502,4.594,1.225,2.098,2.177,1.762,2.388,0.882,7.968,0.659,1.248,1.454,1.043,2.464,1.356,0.896,6.675,0.936,1.038,4.817,0.915,1.442,3.314,2.772,0.696,6.135,15.251,1.311,0.721,2.584,1.776,0.955,0.547,1.76,0.819,0.945,1.489,0.87,0.714,3.95,2.577,5.9831753
2008-02-17,19.994,16.19,19.516,3.814,17.446,4.388,1.417,2.061,2.167,1.935,2.382,1.001,8.694,0.622,1.333,1.617,1.232,2.687,1.372,0.936,7.066,0.935,1.055,4.622,0.857,1.519,3.149,2.642,0.76,6.074,14.436,1.196,0.858,2.385,1.886,0.958,0.647,1.755,0.821,0.879,1.529,0.895,0.674,3.766,2.475,5.6167674
2008-02-24,16.717,14.926,18.807,3.392,14.401,3.932,1.319,1.905,1.937,1.614,2.168,0.885,8.184,0.523,1.114,1.346,0.95,2.418,1.252,0.859,6.516,0.922,0.89,4.465,0.764,1.34,2.945,2.466,0.619,5.862,14.291,1.165,0.705,2.311,1.768,0.891,0.521,1.678,0.728,0.817,1.424,0.831,0.595,3.654,2.403,4.53234
2008-03-02,11.917,12.968,16.627,3.018,10.326,3.67,1.0,1.596,1.804,1.252,1.963,0.66,6.593,0.458,0.944,1.058,0.834,2.115,1.097,0.784,6.158,0.852,0.776,4.081,0.701,1.033,2.861,2.036,0.481,5.513,13.599,0.975,0.481,2.056,1.604,0.891,0.473,1.698,0.64,0.688,1.275,0.615,0.604,3.56,2.108,3.8324864
2008-03-09,8.664,11.881,14.962,2.623,7.894,3.244,0.813,1.422,1.695,1.004,1.708,0.493,5.422,0.4,0.903,0.822,0.615,1.628,1.027,0.653,5.993,0.786,0.711,3.728,0.613,0.928,2.855,1.955,0.302,5.292,13.676,0.915,0.396,1.842,1.977,0.836,0.404,1.624,0.574,0.623,1.325,0.469,0.564,3.375,1.917,3.2152181
2008-03-16,6.663,10.731,13.479,2.29,5.821,2.877,0.599,1.247,1.479,0.744,1.518,0.42,4.34,0.338,0.766,0.621,0.505,1.19,0.869,0.607,5.862,0.724,0.655,3.31,0.532,0.75,2.532,1.778,0.276,4.961,12.599,0.848,0.267,1.734,1.415,0.744,0.381,1.557,0.521,0.578,1.222,0.401,0.518,3.233,1.818,2.6924465
2008-03-23,5.234,10.098,13.169,2.152,4.734,2.782,0.509,1.116,1.298,0.536,1.475,0.337,3.47,0.363,0.723,0.488,0.35,0.717,0.739,0.59,5.853,0.717,0.598,3.17,0.531,0.649,2.41,1.717,0.216,5.236,11.932,0.79,0.244,1.688,1.286,0.752,0.358,1.486,0.507,0.577,1.236,0.362,0.407,3.256,1.877,2.0336559
2008-03-30,4.004,9.44,12.624,2.022,3.738,2.563,0.402,0.997,1.107,0.433,1.359,0.256,3.404,0.298,0.586,0.422,0.278,0.469,0.689,0.556,5.563,0.676,0.551,2.89,0.471,0.479,2.354,1.59,0.156,4.697,11.442,0.765,0.164,1.675,1.194,0.634,0.342,1.347,0.449,0.519,1.172,0.275,0.331,3.059,1.732,1.6527505
2008-04-06,3.145,8.881,11.734,1.686,2.94,2.505,0.316,0.892,0.96,0.312,1.355,0.219,2.966,0.271,0.563,0.352,0.198,0.325,0.702,0.523,5.167,0.683,0.5,2.729,0.47,0.418,2.24,1.494,0.1,4.344,11.287,0.73,0.146,1.534,1.096,0.585,0.302,1.238,0.408,0.471,1.057,0.208,0.298,2.853,1.624,1.3112963
2008-04-13,2.683,8.227,11.683,1.636,2.69,2.322,0.241,0.858,0.933,0.292,1.22,0.174,2.9,0.272,0.523,0.323,0.138,0.226,0.739,0.487,5.192,0.702,0.421,2.498,0.442,0.361,2.22,1.429,0.092,4.586,11.884,0.699,0.125,1.446,0.924,0.578,0.319,1.195,0.39,0.454,1.032,0.185,0.281,2.707,1.569,1.1651971
2008-04-20,2.29,7.648,10.502,1.435,2.359,2.239,0.165,0.769,0.85,0.225,1.152,0.133,2.576,0.227,0.432,0.282,0.098,0.169,0.68,0.469,5.066,0.653,0.412,2.296,0.37,0.293,2.016,1.301,0.077,4.283,10.932,0.653,0.105,1.339,0.903,0.436,0.286,1.184,0.368,0.404,0.997,0.178,0.254,2.568,1.51,1.0203476
2008-04-27,1.766,7.375,10.081,1.258,2.031,2.194,0.142,0.735,0.775,0.214,1.088,0.135,2.353,0.265,0.417,0.25,0.096,0.124,0.677,0.419,4.839,0.594,0.423,2.168,0.383,0.282,2.104,1.244,0.074,4.199,10.86,0.618,0.079,1.368,0.855,0.502,0.233,1.038,0.351,0.404,1.015,0.141,0.237,2.48,1.468,0.87760723
2008-05-04,1.446,7.132,9.531,1.097,1.93,2.19,0.114,0.654,0.657,0.188,1.046,0.108,2.335,0.244,0.398,0.224,0.082,0.1,0.644,0.431,4.801,0.632,0.389,2.089,0.342,0.27,1.96,1.233,0.043,4.12,10.57,0.572,0.068,1.295,0.788,0.424,0.226,1.071,0.327,0.393,0.951,0.157,0.269,2.436,1.378,0.82510662
2008-05-11,1.317,6.807,9.315,1.0,1.752,2.551,0.126,0.619,0.672,0.168,1.014,0.101,2.108,0.254,0.418,0.228,0.063,0.08,0.642,0.418,4.735,0.608,0.382,1.985,0.351,0.272,1.998,1.236,0.061,4.083,10.379,0.55,0.079,1.259,0.806,0.453,0.234,1.051,0.336,0.378,0.986,0.12,0.259,2.47,1.423,0.78731489
